Workbook

Sheet Отчет АРКА
F31: Еженедельный отчет
F32: ARKA
F33: ='Заполняет конвертор НЕ ТРОГАТЬ!'!Z2 -> 0
A40: ЕЖЕНЕДЕЛЬНЫЙ ОТЧЕТ | O40: ='Заполняет конвертор НЕ ТРОГАТЬ!'!Z1 -> 09.08.2026-15.08.2026
A43: ОБЩЕЕ
G46: ='Показатели и Задачи'!B2 -> 4446 | J46: ='Показатели и Задачи'!B3 -> 50 % | N46: ='Показатели и Задачи'!B4 -> 35 % | Q46: ='Показатели и Задачи'!B5 -> 374 | T46: ='Показатели и Задачи'!B6 -> 0
F48: Коров | I48: Стельных | M48: Первотёлок | P48: DNB | S48: Средний надой
A50: ВОСПРОИЗВОДСТВО
G53: ='Показатели и Задачи'!B7 -> 188.7 | K53: ='Показатели и Задачи'!B10 -> 0.35 | P53: ='Показатели и Задачи'!B8 -> 0.57 | U53: ='Показатели и Задачи'!B9 -> 0.2
F55: DIM | J55: CR | O55: HD | T55: PR
A57: ЗДОРОВЬЕ
H60: ='Показатели и Задачи'!B12 -> 0.14344685 | N60: ='Показатели и Задачи'!B13 -> 0.010252905 | T60: ='Показатели и Задачи'!B14 -> 8 %
G62: Выбытие до 60 дня коров | M62: Сохранность телок за год | S62: Брак коров
B70: www.dfsoft.ru | E70: ="+7-800-707-7-305" -> +7-800-707-7-305 | I70: dc305@dc305.ru
A73: ВЫПОЛНЕНИЕ ТЕХНОЛОГИЧЕСКОЙ КАРТЫ
B75: Выполнение технологической карты
B76: ='Показатели и Задачи'!A18 -> Задача | D76: ='Показатели и Задачи'!B18 -> Пн | E76: ='Показатели и Задачи'!C18 -> Вт | F76: ='Показатели и Задачи'!D18 -> Ср | G76: ='Показатели и Задачи'!E18 -> Чт | H76: ='Показатели и Задачи'!F18 -> Пт | I76: ='Показатели и Задачи'!G18 -> Сб | J76: ='Показатели и Задачи'!H18 -> Вс | L76: Запуск по дням стельности | T76: 1-е осеменение
B77: ='Показатели и Задачи'!A19 -> G7G | D77: ='Показатели и Задачи'!B19 -> 0 | E77: ='Показатели и Задачи'!C19 -> 0 | F77: ='Показатели и Задачи'!D19 -> 0 | G77: ='Показатели и Задачи'!E19 -> 0 | H77: ='Показатели и Задачи'!F19 -> 0 | I77: ='Показатели и Задачи'!G19 -> 0 | J77: ='Показатели и Задачи'!H19 -> 0
B78: ='Показатели и Задачи'!A20 -> Ресинх | D78: ='Показатели и Задачи'!B20 -> 0 | E78: ='Показатели и Задачи'!C20 -> 0 | F78: ='Показатели и Задачи'!D20 -> 0 | G78: ='Показатели и Задачи'!E20 -> 0 | H78: ='Показатели и Задачи'!F20 -> 0 | I78: ='Показатели и Задачи'!G20 -> 0 | J78: ='Показатели и Задачи'!H20 -> 0
B79: ='Показатели и Задачи'!A21 -> Аборт | D79: ='Показатели и Задачи'!B21 -> 0 | E79: ='Показатели и Задачи'!C21 -> 0 | F79: ='Показатели и Задачи'!D21 -> 0 | G79: ='Показатели и Задачи'!E21 -> 0 | H79: ='Показатели и Задачи'!F21 -> 0 | I79: ='Показатели и Задачи'!G21 -> 0 | J79: ='Показатели и Задачи'!H21 -> 0
B80: ='Показатели и Задачи'!A22 -> Брак | D80: ='Показатели и Задачи'!B22 -> 0 | E80: ='Показатели и Задачи'!C22 -> 0 | F80: ='Показатели и Задачи'!D22 -> 0 | G80: ='Показатели и Задачи'!E22 -> 0 | H80: ='Показатели и Задачи'!F22 -> 0 | I80: ='Показатели и Задачи'!G22 -> 0 | J80: ='Показатели и Задачи'!H22 -> 0
B81: ='Показатели и Задачи'!A23 -> Нестельная | D81: ='Показатели и Задачи'!B23 -> 0 | E81: ='Показатели и Задачи'!C23 -> 0 | F81: ='Показатели и Задачи'!D23 -> 0 | G81: ='Показатели и Задачи'!E23 -> 0 | H81: ='Показатели и Задачи'!F23 -> 0 | I81: ='Показатели и Задачи'!G23 -> 0 | J81: ='Показатели и Задачи'!H23 -> 0
B82: ='Показатели и Задачи'!A24 -> Отел | D82: ='Показатели и Задачи'!B24 -> 0 | E82: ='Показатели и Задачи'!C24 -> 0 | F82: ='Показатели и Задачи'!D24 -> 0 | G82: ='Показатели и Задачи'!E24 -> 0 | H82: ='Показатели и Задачи'!F24 -> 0 | I82: ='Показатели и Задачи'!G24 -> 0 | J82: ='Показатели и Задачи'!H24 -> 0
B83: ='Показатели и Задачи'!A25 -> Падёж | D83: ='Показатели и Задачи'!B25 -> 0 | E83: ='Показатели и Задачи'!C25 -> 0 | F83: ='Показатели и Задачи'!D25 -> 0 | G83: ='Показатели и Задачи'!E25 -> 0 | H83: ='Показатели и Задачи'!F25 -> 0 | I83: ='Показатели и Задачи'!G25 -> 0 | J83: ='Показатели и Задачи'!H25 -> 0
B84: ='Показатели и Задачи'!A26 -> Стельная | D84: ='Показатели и Задачи'!B26 -> 0 | E84: ='Показатели и Задачи'!C26 -> 0 | F84: ='Показатели и Задачи'!D26 -> 0 | G84: ='Показатели и Задачи'!E26 -> 0 | H84: ='Показатели и Задачи'!F26 -> 0 | I84: ='Показатели и Задачи'!G26 -> 0 | J84: ='Показатели и Задачи'!H26 -> 0
B85: ='Показатели и Задачи'!A27 -> Взвешивание | D85: ='Показатели и Задачи'!B27 -> 0 | E85: ='Показатели и Задачи'!C27 -> 0 | F85: ='Показатели и Задачи'!D27 -> 0 | G85: ='Показатели и Задачи'!E27 -> 0 | H85: ='Показатели и Задачи'!F27 -> 0 | I85: ='Показатели и Задачи'!G27 -> 0 | J85: ='Показатели и Задачи'!H27 -> 0
B86: ='Показатели и Задачи'!A28 -> Забой | D86: ='Показатели и Задачи'!B28 -> 0 | E86: ='Показатели и Задачи'!C28 -> 0 | F86: ='Показатели и Задачи'!D28 -> 0 | G86: ='Показатели и Задачи'!E28 -> 0 | H86: ='Показатели и Задачи'!F28 -> 0 | I86: ='Показатели и Задачи'!G28 -> 0 | J86: ='Показатели и Задачи'!H28 -> 0
B87: ='Показатели и Задачи'!A29 -> Обезроживание | D87: ='Показатели и Задачи'!B29 -> 0 | E87: ='Показатели и Задачи'!C29 -> 0 | F87: ='Показатели и Задачи'!D29 -> 0 | G87: ='Показатели и Задачи'!E29 -> 0 | H87: ='Показатели и Задачи'!F29 -> 0 | I87: ='Показатели и Задачи'!G29 -> 0 | J87: ='Показатели и Задачи'!H29 -> 0
B88: ='Показатели и Задачи'!A30 -> Осеменение | D88: ='Показатели и Задачи'!B30 -> 0 | E88: ='Показатели и Задачи'!C30 -> 0 | F88: ='Показатели и Задачи'!D30 -> 0 | G88: ='Показатели и Задачи'!E30 -> 0 | H88: ='Показатели и Задачи'!F30 -> 0 | I88: ='Показатели и Задачи'!G30 -> 0 | J88: ='Показатели и Задачи'!H30 -> 0
B89: ='Показатели и Задачи'!A31 -> Перебирковка | D89: ='Показатели и Задачи'!B31 -> 0 | E89: ='Показатели и Задачи'!C31 -> 0 | F89: ='Показатели и Задачи'!D31 -> 0 | G89: ='Показатели и Задачи'!E31 -> 0 | H89: ='Показатели и Задачи'!F31 -> 0 | I89: ='Показатели и Задачи'!G31 -> 0 | J89: ='Показатели и Задачи'!H31 -> 0 | L89: Стельность | T89: 2-е осеменение
B90: ='Показатели и Задачи'!A32 -> Перевод | D90: ='Показатели и Задачи'!B32 -> 0 | E90: ='Показатели и Задачи'!C32 -> 0 | F90: ='Показатели и Задачи'!D32 -> 0 | G90: ='Показатели и Задачи'!E32 -> 0 | H90: ='Показатели и Задачи'!F32 -> 0 | I90: ='Показатели и Задачи'!G32 -> 0 | J90: ='Показатели и Задачи'!H32 -> 0
B91: ='Показатели и Задачи'!A33 -> Поздний сухостой | D91: ='Показатели и Задачи'!B33 -> 0 | E91: ='Показатели и Задачи'!C33 -> 0 | F91: ='Показатели и Задачи'!D33 -> 0 | G91: ='Показатели и Задачи'!E33 -> 0 | H91: ='Показатели и Задачи'!F33 -> 0 | I91: ='Показатели и Задачи'!G33 -> 0 | J91: ='Показатели и Задачи'!H33 -> 0
B92: ='Показатели и Задачи'!A34 -> Сухостой | D92: ='Показатели и Задачи'!B34 -> 0 | E92: ='Показатели и Задачи'!C34 -> 0 | F92: ='Показатели и Задачи'!D34 -> 0 | G92: ='Показатели и Задачи'!E34 -> 0 | H92: ='Показатели и Задачи'!F34 -> 0 | I92: ='Показатели и Задачи'!G34 -> 0 | J92: ='Показатели и Задачи'!H34 -> 0
B93: ='Показатели и Задачи'!A35 -> Продажа | D93: ='Показатели и Задачи'!B35 -> 0 | E93: ='Показатели и Задачи'!C35 -> 0 | F93: ='Показатели и Задачи'!D35 -> 0 | G93: ='Показатели и Задачи'!E35 -> 0 | H93: ='Показатели и Задачи'!F35 -> 0 | I93: ='Показатели и Задачи'!G35 -> 0 | J93: ='Показатели и Задачи'!H35 -> 0
B94: ='Показатели и Задачи'!A36 -> Диарея | D94: ='Показатели и Задачи'!B36 -> 0 | E94: ='Показатели и Задачи'!C36 -> 0 | F94: ='Показатели и Задачи'!D36 -> 0 | G94: ='Показатели и Задачи'!E36 -> 0 | H94: ='Показатели и Задачи'!F36 -> 0 | I94: ='Показатели и Задачи'!G36 -> 0 | J94: ='Показатели и Задачи'!H36 -> 0
B95: ='Показатели и Задачи'!A37 -> Кетоз | D95: ='Показатели и Задачи'!B37 -> 0 | E95: ='Показатели и Задачи'!C37 -> 0 | F95: ='Показатели и Задачи'!D37 -> 0 | G95: ='Показатели и Задачи'!E37 -> 0 | H95: ='Показатели и Задачи'!F37 -> 0 | I95: ='Показатели и Задачи'!G37 -> 0 | J95: ='Показатели и Задачи'!H37 -> 0
B96: ='Показатели и Задачи'!A38 -> Мастит | D96: ='Показатели и Задачи'!B38 -> 0 | E96: ='Показатели и Задачи'!C38 -> 0 | F96: ='Показатели и Задачи'!D38 -> 0 | G96: ='Показатели и Задачи'!E38 -> 0 | H96: ='Показатели и Задачи'!F38 -> 0 | I96: ='Показатели и Задачи'!G38 -> 0 | J96: ='Показатели и Задачи'!H38 -> 0
B97: ='Показатели и Задачи'!A39 -> Молочная лихорадка, Парез | D97: ='Показатели и Задачи'!B39 -> 0 | E97: ='Показатели и Задачи'!C39 -> 0 | F97: ='Показатели и Задачи'!D39 -> 0 | G97: ='Показатели и Задачи'!E39 -> 0 | H97: ='Показатели и Задачи'!F39 -> 0 | I97: ='Показатели и Задачи'!G39 -> 0 | J97: ='Показатели и Задачи'!H39 -> 0
B98: ='Показатели и Задачи'!A40 -> Послеродовой парез | D98: ='Показатели и Задачи'!B40 -> 0 | E98: ='Показатели и Задачи'!C40 -> 0 | F98: ='Показатели и Задачи'!D40 -> 0 | G98: ='Показатели и Задачи'!E40 -> 0 | H98: ='Показатели и Задачи'!F40 -> 0 | I98: ='Показатели и Задачи'!G40 -> 0 | J98: ='Показатели и Задачи'!H40 -> 0
B99: ='Показатели и Задачи'!A41 -> Субклинический мастит | D99: ='Показатели и Задачи'!B41 -> 0 | E99: ='Показатели и Задачи'!C41 -> 0 | F99: ='Показатели и Задачи'!D41 -> 0 | G99: ='Показатели и Задачи'!E41 -> 0 | H99: ='Показатели и Задачи'!F41 -> 0 | I99: ='Показатели и Задачи'!G41 -> 0 | J99: ='Показатели и Задачи'!H41 -> 0
B100: ='Показатели и Задачи'!A42 -> Хромота | D100: ='Показатели и Задачи'!B42 -> 0 | E100: ='Показатели и Задачи'!C42 -> 0 | F100: ='Показатели и Задачи'!D42 -> 0 | G100: ='Показатели и Задачи'!E42 -> 0 | H100: ='Показатели и Задачи'!F42 -> 0 | I100: ='Показатели и Задачи'!G42 -> 0 | J100: ='Показатели и Задачи'!H42 -> 0
B101: ='Показатели и Задачи'!A43 -> Эндометрит | D101: ='Показатели и Задачи'!B43 -> 0 | E101: ='Показатели и Задачи'!C43 -> 0 | F101: ='Показатели и Задачи'!D43 -> 0 | G101: ='Показатели и Задачи'!E43 -> 0 | H101: ='Показатели и Задачи'!F43 -> 0 | I101: ='Показатели и Задачи'!G43 -> 0 | J101: ='Показатели и Задачи'!H43 -> 0
... B104: ='Показатели и Задачи'!A46 -> 0 | D104: ='Показатели и Задачи'!B46 -> 0 | E104: ='Показатели и Задачи'!C46 -> 0 | F104: ='Показатели и Задачи'!D46 -> 0 | G104: ='Показатели и Задачи'!E46 -> 0 | H104: ='Показатели и Задачи'!F46 -> 0 | I104: ='Показатели и Задачи'!G46 -> 0 | J104: ='Показатели и Задачи'!H46 -> 0
B108: www.dfsoft.ru | E108: ="+7-800-707-7-305" -> +7-800-707-7-305 | I108: dc305@dc305.ru
A111: РЕЗУЛЬТАТ ЗА НЕДЕЛЮ
C113: Телка и Бычок | N113: =IFERROR(__xludf.DUMMYFUNCTION("""Проверка УЗИ c ""&to_text('Проверка УЗИ'!B7)"),"Проверка УЗИ c 09.08.26") -> Проверка УЗИ c 09.08.26
C126: Выбытие до 60 дня доения | N126: Выбытие телят до 6 месяцев
C138: Надой
B147: www.dfsoft.ru | E147: ="+7-800-707-7-305" -> +7-800-707-7-305 | I147: dc305@dc305.ru
A149: СОХРАННОСТЬ КОРОВ ДО 60 ДНЯ ДОЕНИЯ
C151: МЕСЯЦ | E151: ОТЕЛ | G151: ВЫБЫТИЕ | J151: СОХРАННОСТЬ
C152: ='Выбытие до 60 дней за год'!A2 -> сен 2025 | E152: ='Выбытие до 60 дней за год'!B2 -> 462 | G152: ='Выбытие до 60 дней за год'!C2 -> 70 | J152: ='Выбытие до 60 дней за год'!D2 -> 0.84848485
C153: ='Выбытие до 60 дней за год'!A3 -> 45931 | E153: ='Выбытие до 60 дней за год'!B3 -> 460 | G153: ='Выбытие до 60 дней за год'!C3 -> 46 | J153: ='Выбытие до 60 дней за год'!D3 -> 0.9
C154: ='Выбытие до 60 дней за год'!A4 -> ноя 2025 | E154: ='Выбытие до 60 дней за год'!B4 -> 314 | G154: ='Выбытие до 60 дней за год'!C4 -> 37 | J154: ='Выбытие до 60 дней за год'!D4 -> 0.88216561
C155: ='Выбытие до 60 дней за год'!A5 -> 45992 | E155: ='Выбытие до 60 дней за год'!B5 -> 477 | G155: ='Выбытие до 60 дней за год'!C5 -> 78 | J155: ='Выбытие до 60 дней за год'!D5 -> 0.83647799
C156: ='Выбытие до 60 дней за год'!A6 -> 46023 | E156: ='Выбытие до 60 дней за год'!B6 -> 467 | G156: ='Выбытие до 60 дней за год'!C6 -> 75 | J156: ='Выбытие до 60 дней за год'!D6 -> 0.83940043
C157: ='Выбытие до 60 дней за год'!A7 -> фев 2026 | E157: ='Выбытие до 60 дней за год'!B7 -> 446 | G157: ='Выбытие до 60 дней за год'!C7 -> 61 | J157: ='Выбытие до 60 дней за год'!D7 -> 0.8632287
C158: ='Выбытие до 60 дней за год'!A8 -> 46082 | E158: ='Выбытие до 60 дней за год'!B8 -> 461 | G158: ='Выбытие до 60 дней за год'!C8 -> 64 | J158: ='Выбытие до 60 дней за год'!D8 -> 0.86117137
C159: ='Выбытие до 60 дней за год'!A9 -> 46113 | E159: ='Выбытие до 60 дней за год'!B9 -> 317 | G159: ='Выбытие до 60 дней за год'!C9 -> 50 | J159: ='Выбытие до 60 дней за год'!D9 -> 0.84227129
C160: ='Выбытие до 60 дней за год'!A10 -> май 2026 | E160: ='Выбытие до 60 дней за год'!B10 -> 434 | G160: ='Выбытие до 60 дней за год'!C10 -> 97 | J160: ='Выбытие до 60 дней за год'!D10 -> 0.7764977
C161: ='Выбытие до 60 дней за год'!A11 -> 46174 | E161: ='Выбытие до 60 дней за год'!B11 -> 370 | G161: ='Выбытие до 60 дней за год'!C11 -> 69 | J161: ='Выбытие до 60 дней за год'!D11 -> 0.81351351
C162: ='Выбытие до 60 дней за год'!A12 -> 46204 | E162: ='Выбытие до 60 дней за год'!B12 -> 384 | G162: ='Выбытие до 60 дней за год'!C12 -> 35 | J162: ='Выбытие до 60 дней за год'!D12 -> 0.90885417
C163: ='Выбытие до 60 дней за год'!A13 -> 46235 | E163: ='Выбытие до 60 дней за год'!B13 -> 253 | G163: ='Выбытие до 60 дней за год'!C13 -> 13 | J163: ='Выбытие до 60 дней за год'!D13 -> 0.9486166
C164: ИТОГО | E164: =SUM(E152:F163) -> 4845 | G164: =SUM(G152:I163) -> 695 | J164: ='Выбытие до 60 дней за год'!D14 -> 0.85655315
B185: www.dfsoft.ru | E185: ="+7-800-707-7-305" -> +7-800-707-7-305 | I185: dc305@dc305.ru
A187: СОХРАННОСТЬ ТЕЛОК
H209: ='Сохранность молодняка'!A1 -> Месяц рождения | K209: ='Сохранность молодняка'!B1 -> Рождено | M209: ='Сохранность молодняка'!C1 -> Живых | P209: ='Сохранность молодняка'!D1 -> %Сохранности
H210: ='Заполняет конвертор НЕ ТРОГАТЬ!'!S59 -> 46082 | K210: ='Заполняет конвертор НЕ ТРОГАТЬ!'!T59 -> 294 | M210: ='Заполняет конвертор НЕ ТРОГАТЬ!'!U59 -> 0 | P210: ='Сохранность молодняка'!D2 -> 0
H211: ='Заполняет конвертор НЕ ТРОГАТЬ!'!S60 -> 46113 | K211: ='Заполняет конвертор НЕ ТРОГАТЬ!'!T60 -> 205 | M211: ='Заполняет конвертор НЕ ТРОГАТЬ!'!U60 -> 0 | P211: ='Сохранность молодняка'!D3 -> 0
H212: ='Заполняет конвертор НЕ ТРОГАТЬ!'!S61 -> 46143 | K212: ='Заполняет конвертор НЕ ТРОГАТЬ!'!T61 -> 292 | M212: ='Заполняет конвертор НЕ ТРОГАТЬ!'!U61 -> 0 | P212: ='Сохранность молодняка'!D4 -> 0
H213: ='Заполняет конвертор НЕ ТРОГАТЬ!'!S62 -> 46174 | K213: ='Заполняет конвертор НЕ ТРОГАТЬ!'!T62 -> 256 | M213: ='Заполняет конвертор НЕ ТРОГАТЬ!'!U62 -> 0 | P213: ='Сохранность молодняка'!D5 -> 0
H214: ='Заполняет конвертор НЕ ТРОГАТЬ!'!S63 -> 46204 | K214: ='Заполняет конвертор НЕ ТРОГАТЬ!'!T63 -> 268 | M214: ='Заполняет конвертор НЕ ТРОГАТЬ!'!U63 -> 0 | P214: ='Сохранность молодняка'!D6 -> 0
H215: ='Заполняет конвертор НЕ ТРОГАТЬ!'!S64 -> 46235 | K215: ='Заполняет конвертор НЕ ТРОГАТЬ!'!T64 -> 133 | M215: ='Заполняет конвертор НЕ ТРОГАТЬ!'!U64 -> 15 | P215: ='Сохранность молодняка'!D7 -> 0.10135135
K216: =SUM(K210:L215) -> 1448 | M216: =SUM(M210:O215) -> 15 | P216: ='Сохранность молодняка'!D8 -> 0.010252905
B222: www.dfsoft.ru | E222: ="+7-800-707-7-305" -> +7-800-707-7-305 | I222: dc305@dc305.ru
A224: PREGRATE
B259: www.dfsoft.ru | E259: ="+7-800-707-7-305" -> +7-800-707-7-305 | I259: dc305@dc305.ru
A263: НАДОЙ И ПРОГНОЗ
B265: Дойных коров и Валовый надой сутки
B280: Поголовье и Вал
B296: www.dfsoft.ru | E296: ="+7-800-707-7-305" -> +7-800-707-7-305 | I296: dc305@dc305.ru
A299: СПИСОК ПРОПУЩЕННЫХ ЖИВОТНЫХ С ИО
B301: ='Список пропущеных животных с И'!A1 -> Номер животного | E301: ='Список пропущеных животных с И'!B1 -> Дни в доении | H301: ='Список пропущеных животных с И'!C1 -> № Лактации | K301: ='Список пропущеных животных с И'!D1 -> Репро-статус | N301: ='Список пропущеных животных с И'!E1 -> Номер животного | Q301: ='Список пропущеных животных с И'!F1 -> Дни в доении | T301: ='Список пропущеных животных с И'!G1 -> № Лактации | W301: ='Список пропущеных животных с И'!H1 -> Репро-статус
B303: ='Список пропущеных животных с И'!A2 -> 1 | E303: ='Список пропущеных животных с И'!B2 -> 2 | H303: ='Список пропущеных животных с И'!C2 -> 3 | K303: ='Список пропущеных животных с И'!D2 -> 4 | N303: ='Список пропущеных животных с И'!E2 -> 5 | Q303: ='Список пропущеных животных с И'!F2 -> 6 | T303: ='Список пропущеных животных с И'!G2 -> 7 | W303: ='Список пропущеных животных с И'!H2 -> 8
B304: ='Список пропущеных животных с И'!A3 | E304: ='Список пропущеных животных с И'!B3 | H304: ='Список пропущеных животных с И'!C3 | K304: ='Список пропущеных животных с И'!D3 | N304: ='Список пропущеных животных с И'!E3 | Q304: ='Список пропущеных животных с И'!F3 | T304: ='Список пропущеных животных с И'!G3 | W304: ='Список пропущеных животных с И'!H3
B305: ='Список пропущеных животных с И'!A4 | E305: ='Список пропущеных животных с И'!B4 | H305: ='Список пропущеных животных с И'!C4 | K305: ='Список пропущеных животных с И'!D4 | N305: ='Список пропущеных животных с И'!E4 | Q305: ='Список пропущеных животных с И'!F4 | T305: ='Список пропущеных животных с И'!G4 | W305: ='Список пропущеных животных с И'!H4
B306: ='Список пропущеных животных с И'!A5 | E306: ='Список пропущеных животных с И'!B5 | H306: ='Список пропущеных животных с И'!C5 | K306: ='Список пропущеных животных с И'!D5 | N306: ='Список пропущеных животных с И'!E5 | Q306: ='Список пропущеных животных с И'!F5 | T306: ='Список пропущеных животных с И'!G5 | W306: ='Список пропущеных животных с И'!H5
B307: ='Список пропущеных животных с И'!A6 | E307: ='Список пропущеных животных с И'!B6 | H307: ='Список пропущеных животных с И'!C6 | K307: ='Список пропущеных животных с И'!D6 | N307: ='Список пропущеных животных с И'!E6 | Q307: ='Список пропущеных животных с И'!F6 | T307: ='Список пропущеных животных с И'!G6 | W307: ='Список пропущеных животных с И'!H6
B308: ='Список пропущеных животных с И'!A7 | E308: ='Список пропущеных животных с И'!B7 | H308: ='Список пропущеных животных с И'!C7 | K308: ='Список пропущеных животных с И'!D7 | N308: ='Список пропущеных животных с И'!E7 | Q308: ='Список пропущеных животных с И'!F7 | T308: ='Список пропущеных животных с И'!G7 | W308: ='Список пропущеных животных с И'!H7
B309: ='Список пропущеных животных с И'!A8 | E309: ='Список пропущеных животных с И'!B8 | H309: ='Список пропущеных животных с И'!C8 | K309: ='Список пропущеных животных с И'!D8 | N309: ='Список пропущеных животных с И'!E8 | Q309: ='Список пропущеных животных с И'!F8 | T309: ='Список пропущеных животных с И'!G8 | W309: ='Список пропущеных животных с И'!H8
B310: ='Список пропущеных животных с И'!A9 | E310: ='Список пропущеных животных с И'!B9 | H310: ='Список пропущеных животных с И'!C9 | K310: ='Список пропущеных животных с И'!D9 | N310: ='Список пропущеных животных с И'!E9 | Q310: ='Список пропущеных животных с И'!F9 | T310: ='Список пропущеных животных с И'!G9 | W310: ='Список пропущеных животных с И'!H9
B311: ='Список пропущеных животных с И'!A10 | E311: ='Список пропущеных животных с И'!B10 | H311: ='Список пропущеных животных с И'!C10 | K311: ='Список пропущеных животных с И'!D10 | N311: ='Список пропущеных животных с И'!E10 | Q311: ='Список пропущеных животных с И'!F10 | T311: ='Список пропущеных животных с И'!G10 | W311: ='Список пропущеных животных с И'!H10
B312: ='Список пропущеных животных с И'!A11 | E312: ='Список пропущеных животных с И'!B11 | H312: ='Список пропущеных животных с И'!C11 | K312: ='Список пропущеных животных с И'!D11 | N312: ='Список пропущеных животных с И'!E11 | Q312: ='Список пропущеных животных с И'!F11 | T312: ='Список пропущеных животных с И'!G11 | W312: ='Список пропущеных животных с И'!H11
B313: ='Список пропущеных животных с И'!A12 | E313: ='Список пропущеных животных с И'!B12 | H313: ='Список пропущеных животных с И'!C12 | K313: ='Список пропущеных животных с И'!D12 | N313: ='Список пропущеных животных с И'!E12 | Q313: ='Список пропущеных животных с И'!F12 | T313: ='Список пропущеных животных с И'!G12 | W313: ='Список пропущеных животных с И'!H12
B314: ='Список пропущеных животных с И'!A13 | E314: ='Список пропущеных животных с И'!B13 | H314: ='Список пропущеных животных с И'!C13 | K314: ='Список пропущеных животных с И'!D13 | N314: ='Список пропущеных животных с И'!E13 | Q314: ='Список пропущеных животных с И'!F13 | T314: ='Список пропущеных животных с И'!G13 | W314: ='Список пропущеных животных с И'!H13
... B329: ='Список пропущеных животных с И'!A28 | E329: ='Список пропущеных животных с И'!B28 | H329: ='Список пропущеных животных с И'!C28 | K329: ='Список пропущеных животных с И'!D28 | N329: ='Список пропущеных животных с И'!E28 | Q329: ='Список пропущеных животных с И'!F28 | T329: ='Список пропущеных животных с И'!G28 | W329: ='Список пропущеных животных с И'!H28
B332: www.dfsoft.ru | E332: ="+7-800-707-7-305" -> +7-800-707-7-305 | I332: dc305@dc305.ru
A335: СПИСОК ПРОПУЩЕННЫХ ЖИВОТНЫХ С ИО
B337: Номер животного | E337: Дни в доении | H337: № Лактации | K337: Репро-статус | N337: Номер животного | Q337: Дни в доении | T337: № Лактации | W337: Репро-статус
B339: ='Список пропущеных животных с И'!A29 | E339: ='Список пропущеных животных с И'!B29 | H339: ='Список пропущеных животных с И'!C29 | K339: ='Список пропущеных животных с И'!D29 | N339: ='Список пропущеных животных с И'!E29 | Q339: ='Список пропущеных животных с И'!F29 | T339: ='Список пропущеных животных с И'!G29 | W339: ='Список пропущеных животных с И'!H29
...

Sheet Заполняет конвертор НЕ ТРОГАТЬ!
A1: Показатели и Задачи | J1: Задачи за неделю | S1: Выбытие до 60 дней в доении | Y1: Дата | Z1: 09.08.2026-15.08.2026
A2: Кол-во коров в стаде | B2: 4446 | J2: Задача | K2: Пн | L2: Вт | M2: Ср | N2: Чт | O2: Пт | P2: Сб | Q2: Вс | S2: Дата выбытия | T2: Продажа | U2: Падёж | W2: Сумма | Y2: Название Фермы
A3: % Стельных | B3: 50 % | J3: G7G | T3: 1 | W3: =T3+U3 -> 1 | Y3: Дата нач отчета
A4: % Первотелок | B4: 35 % | J4: Ресинх | W4: =T4+U4 -> 0 | Y4: Дату конца очтета
A5: Кол-во БРАК коровы | B5: 374 | J5: Аборт | W5: =T5+U5 -> 0
A6: Средний надой ДЗ | B6: 32 | J6: Брак | W6: =T6+U6 -> 0
A7: Средние дни в доении (без сух.) | B7: 188.7 | J7: Нестельная | W7: =T7+U7 -> 0
A8: % Брака коровы | B8: 8 % | J8: Отел | W8: =T8+U8 -> 0
J9: Падёж | W9: =T9+U9 -> 0
J10: Стельная | W10: =T10+U10 -> 0
J11: Взвешивание | W11: =T11+U11 -> 0
J12: Забой | W12: =T12+U12 -> 0
J13: Обезроживание | W13: =T13+U13 -> 0
J14: Осеменение | W14: =T14+U14 -> 0
J15: Перебирковка | W15: =T15+U15 -> 0
J16: Перевод | W16: =T16+U16 -> 0
J17: Поздний сухостой | W17: =T17+U17 -> 0
J18: Сухостой | W18: =T18+U18 -> 0
J19: Продажа | W19: =T19+U19 -> 0
J20: Диарея | W20: =T20+U20 -> 0
... J28: Итого | W28: =T28+U28 -> 0
A29: Стельность сухостой | H29: 1\2 ИО | W29: =T29+U29 -> 0
A30: День с осеменения | B30: Нестельная | C30: Стельная | E30: День с осеменения | F30: Сухостой | H30: ID | I30: HDAT | J30: DIMFB | L30: ID | M30: HDAT | N30: DIMSB | W30: =T30+U30 -> 0
A31: 1 | E31: 1 | H31: 1 | L31: 1 | W31: =T31+U31 -> 0
I32: 2 | M32: 2 | W32: =T32+U32 -> 0
J33: 3 | N33: 3 | W33: =T33+U33 -> 0
W34: =T34+U34 -> 0
W35: =T35+U35 -> 0
W36: =T36+U36 -> 0
W37: =T37+U37 -> 0
W38: =T38+U38 -> 0
U39: 2 | W39: =T39+U39 -> 2
S41: Отклонения надоя
S42: Дата | T42: Голов | U42: Надой
S43: =S44-1 -> 46237 | T43: 3526 | U43: 32.5
S44: =S45-1 -> 46238 | T44: 3612 | U44: 32.8
S45: =S46-1 -> 46239 | T45: 2188 | U45: 30.8
S46: =S47-1 -> 46240 | T46: 3627 | U46: 33.1
S47: =S48-1 -> 46241 | T47: 2330 | U47: 31.4
S48: =S49-1 -> 46242 | T48: 3610 | U48: 31.5
S49: =S50-1 -> 46243 | T49: 3678 | U49: 32
S50: =S51-1 -> 46244 | T50: 3775 | U50: 31.8
S51: =S52-1 -> 46245 | T51: 3760 | U51: 32
S52: =S53-1 -> 46246 | T52: 3747 | U52: 32
S53: =S54-1 -> 46247 | T53: 2683 | U53: 31.6
S54: 46248 | T54: 3640 | U54: 32.4
S56: Сохранность молодняка
S57: ММГГ даты рождения | T57: Выбыла Живет
T58: 0 | U58: 1 | V58: Итого
S59: 46082 | T59: 294 | V59: 294
B60: 1 | C60: 1 | S60: 46113 | T60: 205 | V60: 205
S61: 46143 | T61: 292 | V61: 292
S62: 46174 | T62: 256 | V62: 256
S63: 46204 | T63: 268 | V63: 268
S64: 46235 | T64: 133 | U64: 15 | V64: 148
S66: Дойных коров и валовый надой | X66: Поголовье и Вал
S67: Дойных коров | T67: Всего | X67: Поголовье
S68: 3990 | T68: 31 | X68: 4871
S69: 4032 | T69: 32 | X69: 5032
S70: 4017 | T70: 31 | X70: 5244
S71: 3989 | T71: 31 | X71: 5454
S72: 3886 | T72: 31 | X72: 5559
S73: 3714 | T73: 31 | X73: 5650
F74: 1 | S74: 3634 | T74: 31 | X74: 5771
S75: 3315 | T75: 32 | X75: 5837
S76: 3234 | T76: 32 | X76: 5998
A77: Результат отёла | S77: 3121 | T77: 32 | X77: 6119
A78: День | B78: Число отёлов | C78: Родилось тёлок | D78: Родилось быков | S78: 2948 | T78: 31 | X78: 6242
A79: 46243 | B79: 17 | C79: 12 | D79: 5 | S79: 2734 | T79: 33 | X79: 6366
A80: 46244 | B80: 14 | C80: 9 | D80: 5
A81: 46245 | B81: 15 | C81: 11 | D81: 4
A82: 46246 | B82: 8 | C82: 5 | D82: 3
A83: 46247 | B83: 13 | C83: 11 | D83: 2
A84: 46248 | B84: 16 | C84: 12 | D84: 4
A85: 46249 | B85: 3 | C85: 3 | D85: 0
A88: Выбытие телят до 6 месяцев
A89: Дата выбытия | B89: Продажа | C89: Падёж | E89: Сумма
A90: 46237 | B90: 0 | C90: 1 | E90: =B90+C90 -> 1
E91: =B91+C91 -> 0
E92: =B92+C92 -> 0
E93: =B93+C93 -> 0
E94: =B94+C94 -> 0
E95: =B95+C95 -> 0
E96: =B96+C96 -> 0
E97: =B97+C97 -> 0
E98: =B98+C98 -> 0
E99: =B99+C99 -> 0
E100: =B100+C100 -> 0
E101: =B101+C101 -> 0
E102: =B102+C102 -> 0
... E109: =B109+C109 -> 0
A122: 46235 | B122: 1 | C122: 2
A124: Выбытие до 60 дней за год
A125: Месяц и год отёла | B125: Отел | C125: Падёж | D125: Аборт | E125: Продажа
A126: сен 2025 | B126: 455 | C126: 14 | D126: 7 | E126: 56 | N126: 4
A127: 45931 | B127: 454 | C127: 9 | D127: 6 | E127: 37 | J127: 3 | M127: 3
A128: ноя 2025 | B128: 310 | C128: 8 | D128: 4 | E128: 29 | I128: 2 | L128: 2
A129: 45992 | B129: 470 | C129: 14 | D129: 7 | E129: 64 | H129: 1 | K129: 1
A130: 46023 | B130: 463 | C130: 10 | D130: 4 | E130: 65
A131: фев 2026 | B131: 444 | C131: 6 | D131: 2 | E131: 55
...

Sheet HDR и PR   
A1: Дата | B1: Пригодные к осемен. | C1: Осемен. | D1: Выявление (HDR) | E1: Пригодные к стельности | F1: Стельные | G1: Стельность (PR) | H1: Оплодотворяемость (CR) | I1: Аборты
D2: Цель 65 % | G2: Цель 25 % | H2: Цель 45 %
A3: 06.08.2025 – 27.08.2025 | B3: 653 | C3: 432 | D3: 0.66 | E3: 642 | F3: 208 | G3: 0.32 | H3: 0.49 | I3: 36
A4: 27.08.2025 – 17.09.2025 | B4: 640 | C4: 415 | D4: 0.65 | E4: 623 | F4: 189 | G4: 0.3 | H4: 0.46 | I4: 21
A5: 17.09.2025 – 08.10.2025 | B5: 694 | C5: 466 | D5: 0.67 | E5: 675 | F5: 193 | G5: 0.29 | H5: 0.41 | I5: 29
A6: 08.10.2025 – 29.10.2025 | B6: 677 | C6: 395 | D6: 0.58 | E6: 661 | F6: 188 | G6: 0.28 | H6: 0.47 | I6: 24
A7: 29.10.2025 – 19.11.2025 | B7: 591 | C7: 404 | D7: 0.68 | E7: 580 | F7: 192 | G7: 0.33 | H7: 0.47 | I7: 21
A8: 19.11.2025 – 10.12.2025 | B8: 639 | C8: 404 | D8: 0.63 | E8: 630 | F8: 174 | G8: 0.28 | H8: 0.44 | I8: 17
A9: 10.12.2025 – 31.12.2025 | B9: 668 | C9: 439 | D9: 0.66 | E9: 661 | F9: 168 | G9: 0.25 | H9: 0.4 | I9: 26
A10: 31.12.2025 – 21.01.2026 | B10: 680 | C10: 383 | D10: 0.56 | E10: 664 | F10: 146 | G10: 0.22 | H10: 0.39 | I10: 23
A11: 21.01.2026 – 11.02.2026 | B11: 647 | C11: 407 | D11: 0.63 | E11: 634 | F11: 149 | G11: 0.24 | H11: 0.38 | I11: 11
A12: 11.02.2026 – 04.03.2026 | B12: 694 | C12: 434 | D12: 0.63 | E12: 682 | F12: 175 | G12: 0.26 | H12: 0.42 | I12: 15
A13: 04.03.2026 – 25.03.2026 | B13: 723 | C13: 463 | D13: 0.64 | E13: 715 | F13: 192 | G13: 0.27 | H13: 0.4 | I13: 6
A14: 25.03.2026 – 15.04.2026 | B14: 761 | C14: 482 | D14: 0.63 | E14: 746 | F14: 165 | G14: 0.22 | H14: 0.35 | I14: 10
... A18: 17.06.2026 – 08.07.2026 | B18: 894 | C18: 512 | D18: 0.57 | E18: 883 | F18: 174 | G18: 0.2 | H18: 0.35 | I18: 0
A19: 08.07.2026 – 29.07.2026 | B19: 859 | C19: 533 | D19: 0.62 | E19: 838 | F19: 132 | H19: 0.39 | I19: 0
A20: 29.07.2026 – 19.08.2026 | B20: 677 | C20: 527 | D20: 0.78 | E20: 673 | F20: 0 | I20: 0

Sheet Показатели и Задачи
A1: Название хозяйства | B1: ='Заполняет конвертор НЕ ТРОГАТЬ!'!Z2 -> 0
A2: Коров | B2: ='Заполняет конвертор НЕ ТРОГАТЬ!'!B2 -> 4446
A3: Стельных | B3: ='Заполняет конвертор НЕ ТРОГАТЬ!'!B3 -> 50 %
A4: Первотелок | B4: ='Заполняет конвертор НЕ ТРОГАТЬ!'!B4 -> 35 %
A5: БРАК | B5: ='Заполняет конвертор НЕ ТРОГАТЬ!'!B5 -> 374
A6: Средний надой | B6: =E5 -> 0
A7: DIM | B7: ='Заполняет конвертор НЕ ТРОГАТЬ!'!B7 -> 188.7
A8: HD | B8: ='HDR и PR '!D18 -> 0.57
A9: PR | B9: ='HDR и PR '!G18 -> 0.2
A10: CR | B10: ='HDR и PR '!H18 -> 0.35
A11: Стельных осем по HT телок | B11: 0
A12: Выбытие до 60 дня коров | B12: =1-'Выбытие до 60 дней за год'!D14 -> 0.14344685
A13: Сохранность за год телят | B13: ='Сохранность молодняка'!D8 -> 0.010252905
A14: Брак коров | B14: ='Заполняет конвертор НЕ ТРОГАТЬ!'!B8 -> 8 %
A15: Что-то еще | B15: 0
A17: Ссылка на отчет в Арке
A18: Задача | B18: Пн | C18: Вт | D18: Ср | E18: Чт | F18: Пт | G18: Сб | H18: Вс
A19: G7G | B19: ='Заполняет конвертор НЕ ТРОГАТЬ!'!K3 -> 0 | C19: ='Заполняет конвертор НЕ ТРОГАТЬ!'!L3 -> 0 | D19: ='Заполняет конвертор НЕ ТРОГАТЬ!'!M3 -> 0 | E19: ='Заполняет конвертор НЕ ТРОГАТЬ!'!N3 -> 0 | F19: ='Заполняет конвертор НЕ ТРОГАТЬ!'!O3 -> 0 | G19: ='Заполняет конвертор НЕ ТРОГАТЬ!'!P3 -> 0 | H19: ='Заполняет конвертор НЕ ТРОГАТЬ!'!Q3 -> 0
A20: Ресинх | B20: ='Заполняет конвертор НЕ ТРОГАТЬ!'!K4 -> 0 | C20: ='Заполняет конвертор НЕ ТРОГАТЬ!'!L4 -> 0 | D20: ='Заполняет конвертор НЕ ТРОГАТЬ!'!M4 -> 0 | E20: ='Заполняет конвертор НЕ ТРОГАТЬ!'!N4 -> 0 | F20: ='Заполняет конвертор НЕ ТРОГАТЬ!'!O4 -> 0 | G20: ='Заполняет конвертор НЕ ТРОГАТЬ!'!P4 -> 0 | H20: ='Заполняет конвертор НЕ ТРОГАТЬ!'!Q4 -> 0
A21: Аборт | B21: ='Заполняет конвертор НЕ ТРОГАТЬ!'!K5 -> 0 | C21: ='Заполняет конвертор НЕ ТРОГАТЬ!'!L5 -> 0 | D21: ='Заполняет конвертор НЕ ТРОГАТЬ!'!M5 -> 0 | E21: ='Заполняет конвертор НЕ ТРОГАТЬ!'!N5 -> 0 | F21: ='Заполняет конвертор НЕ ТРОГАТЬ!'!O5 -> 0 | G21: ='Заполняет конвертор НЕ ТРОГАТЬ!'!P5 -> 0 | H21: ='Заполняет конвертор НЕ ТРОГАТЬ!'!Q5 -> 0
A22: Брак | B22: ='Заполняет конвертор НЕ ТРОГАТЬ!'!K6 -> 0 | C22: ='Заполняет конвертор НЕ ТРОГАТЬ!'!L6 -> 0 | D22: ='Заполняет конвертор НЕ ТРОГАТЬ!'!M6 -> 0 | E22: ='Заполняет конвертор НЕ ТРОГАТЬ!'!N6 -> 0 | F22: ='Заполняет конвертор НЕ ТРОГАТЬ!'!O6 -> 0 | G22: ='Заполняет конвертор НЕ ТРОГАТЬ!'!P6 -> 0 | H22: ='Заполняет конвертор НЕ ТРОГАТЬ!'!Q6 -> 0
A23: Нестельная | B23: ='Заполняет конвертор НЕ ТРОГАТЬ!'!K7 -> 0 | C23: ='Заполняет конвертор НЕ ТРОГАТЬ!'!L7 -> 0 | D23: ='Заполняет конвертор НЕ ТРОГАТЬ!'!M7 -> 0 | E23: ='Заполняет конвертор НЕ ТРОГАТЬ!'!N7 -> 0 | F23: ='Заполняет конвертор НЕ ТРОГАТЬ!'!O7 -> 0 | G23: ='Заполняет конвертор НЕ ТРОГАТЬ!'!P7 -> 0 | H23: ='Заполняет конвертор НЕ ТРОГАТЬ!'!Q7 -> 0
A24: Отел | B24: ='Заполняет конвертор НЕ ТРОГАТЬ!'!K8 -> 0 | C24: ='Заполняет конвертор НЕ ТРОГАТЬ!'!L8 -> 0 | D24: ='Заполняет конвертор НЕ ТРОГАТЬ!'!M8 -> 0 | E24: ='Заполняет конвертор НЕ ТРОГАТЬ!'!N8 -> 0 | F24: ='Заполняет конвертор НЕ ТРОГАТЬ!'!O8 -> 0 | G24: ='Заполняет конвертор НЕ ТРОГАТЬ!'!P8 -> 0 | H24: ='Заполняет конвертор НЕ ТРОГАТЬ!'!Q8 -> 0
A25: Падёж | B25: ='Заполняет конвертор НЕ ТРОГАТЬ!'!K9 -> 0 | C25: ='Заполняет конвертор НЕ ТРОГАТЬ!'!L9 -> 0 | D25: ='Заполняет конвертор НЕ ТРОГАТЬ!'!M9 -> 0 | E25: ='Заполняет конвертор НЕ ТРОГАТЬ!'!N9 -> 0 | F25: ='Заполняет конвертор НЕ ТРОГАТЬ!'!O9 -> 0 | G25: ='Заполняет конвертор НЕ ТРОГАТЬ!'!P9 -> 0 | H25: ='Заполняет конвертор НЕ ТРОГАТЬ!'!Q9 -> 0
A26: Стельная | B26: ='Заполняет конвертор НЕ ТРОГАТЬ!'!K10 -> 0 | C26: ='Заполняет конвертор НЕ ТРОГАТЬ!'!L10 -> 0 | D26: ='Заполняет конвертор НЕ ТРОГАТЬ!'!M10 -> 0 | E26: ='Заполняет конвертор НЕ ТРОГАТЬ!'!N10 -> 0 | F26: ='Заполняет конвертор НЕ ТРОГАТЬ!'!O10 -> 0 | G26: ='Заполняет конвертор НЕ ТРОГАТЬ!'!P10 -> 0 | H26: ='Заполняет конвертор НЕ ТРОГАТЬ!'!Q10 -> 0
A27: Взвешивание | B27: ='Заполняет конвертор НЕ ТРОГАТЬ!'!K11 -> 0 | C27: ='Заполняет конвертор НЕ ТРОГАТЬ!'!L11 -> 0 | D27: ='Заполняет конвертор НЕ ТРОГАТЬ!'!M11 -> 0 | E27: ='Заполняет конвертор НЕ ТРОГАТЬ!'!N11 -> 0 | F27: ='Заполняет конвертор НЕ ТРОГАТЬ!'!O11 -> 0 | G27: ='Заполняет конвертор НЕ ТРОГАТЬ!'!P11 -> 0 | H27: ='Заполняет конвертор НЕ ТРОГАТЬ!'!Q11 -> 0
A28: Забой | B28: ='Заполняет конвертор НЕ ТРОГАТЬ!'!K12 -> 0 | C28: ='Заполняет конвертор НЕ ТРОГАТЬ!'!L12 -> 0 | D28: ='Заполняет конвертор НЕ ТРОГАТЬ!'!M12 -> 0 | E28: ='Заполняет конвертор НЕ ТРОГАТЬ!'!N12 -> 0 | F28: ='Заполняет конвертор НЕ ТРОГАТЬ!'!O12 -> 0 | G28: ='Заполняет конвертор НЕ ТРОГАТЬ!'!P12 -> 0 | H28: ='Заполняет конвертор НЕ ТРОГАТЬ!'!Q12 -> 0
A29: Обезроживание | B29: ='Заполняет конвертор НЕ ТРОГАТЬ!'!K13 -> 0 | C29: ='Заполняет конвертор НЕ ТРОГАТЬ!'!L13 -> 0 | D29: ='Заполняет конвертор НЕ ТРОГАТЬ!'!M13 -> 0 | E29: ='Заполняет конвертор НЕ ТРОГАТЬ!'!N13 -> 0 | F29: ='Заполняет конвертор НЕ ТРОГАТЬ!'!O13 -> 0 | G29: ='Заполняет конвертор НЕ ТРОГАТЬ!'!P13 -> 0 | H29: ='Заполняет конвертор НЕ ТРОГАТЬ!'!Q13 -> 0
A30: Осеменение | B30: ='Заполняет конвертор НЕ ТРОГАТЬ!'!K14 -> 0 | C30: ='Заполняет конвертор НЕ ТРОГАТЬ!'!L14 -> 0 | D30: ='Заполняет конвертор НЕ ТРОГАТЬ!'!M14 -> 0 | E30: ='Заполняет конвертор НЕ ТРОГАТЬ!'!N14 -> 0 | F30: ='Заполняет конвертор НЕ ТРОГАТЬ!'!O14 -> 0 | G30: ='Заполняет конвертор НЕ ТРОГАТЬ!'!P14 -> 0 | H30: ='Заполняет конвертор НЕ ТРОГАТЬ!'!Q14 -> 0
... A43: Эндометрит | B43: ='Заполняет конвертор НЕ ТРОГАТЬ!'!K27 -> 0 | C43: ='Заполняет конвертор НЕ ТРОГАТЬ!'!L27 -> 0 | D43: ='Заполняет конвертор НЕ ТРОГАТЬ!'!M27 -> 0 | E43: ='Заполняет конвертор НЕ ТРОГАТЬ!'!N27 -> 0 | F43: ='Заполняет конвертор НЕ ТРОГАТЬ!'!O27 -> 0 | G43: ='Заполняет конвертор НЕ ТРОГАТЬ!'!P27 -> 0 | H43: ='Заполняет конвертор НЕ ТРОГАТЬ!'!Q27 -> 0
A44: Итого | B44: =SUM(B19:B43) -> 0 | C44: =SUM(C19:C43) -> 0 | D44: =SUM(D19:D43) -> 0 | E44: =SUM(E19:E43) -> 0 | F44: =SUM(F19:F43) -> 0 | G44: =SUM(G19:G43) -> 0 | H44: =SUM(H19:H43) -> 0

Sheet Стельность сухостой
A2: Стельность | B2: Ссылка на отчет в Арке
A3: День с осеменения | B3: Нестельная | C3: Стельная
A4: =IF('Заполняет конвертор НЕ ТРОГАТЬ!'!A31="", "", 'Заполняет конвертор НЕ ТРОГАТЬ!'!A31) -> 1 | B4: =IF('Заполняет конвертор НЕ ТРОГАТЬ!'!B31="", "", 'Заполняет конвертор НЕ ТРОГАТЬ!'!B31) | C4: =IF('Заполняет конвертор НЕ ТРОГАТЬ!'!C31="", "", 'Заполняет конвертор НЕ ТРОГАТЬ!'!C31)
A5: =IF('Заполняет конвертор НЕ ТРОГАТЬ!'!A32="", "", 'Заполняет конвертор НЕ ТРОГАТЬ!'!A32) | B5: =IF('Заполняет конвертор НЕ ТРОГАТЬ!'!B32="", "", 'Заполняет конвертор НЕ ТРОГАТЬ!'!B32) | C5: =IF('Заполняет конвертор НЕ ТРОГАТЬ!'!C32="", "", 'Заполняет конвертор НЕ ТРОГАТЬ!'!C32)
A6: =IF('Заполняет конвертор НЕ ТРОГАТЬ!'!A33="", "", 'Заполняет конвертор НЕ ТРОГАТЬ!'!A33) | B6: =IF('Заполняет конвертор НЕ ТРОГАТЬ!'!B33="", "", 'Заполняет конвертор НЕ ТРОГАТЬ!'!B33) | C6: =IF('Заполняет конвертор НЕ ТРОГАТЬ!'!C33="", "", 'Заполняет конвертор НЕ ТРОГАТЬ!'!C33)
A7: =IF('Заполняет конвертор НЕ ТРОГАТЬ!'!A34="", "", 'Заполняет конвертор НЕ ТРОГАТЬ!'!A34) | B7: =IF('Заполняет конвертор НЕ ТРОГАТЬ!'!B34="", "", 'Заполняет конвертор НЕ ТРОГАТЬ!'!B34) | C7: =IF('Заполняет конвертор НЕ ТРОГАТЬ!'!C34="", "", 'Заполняет конвертор НЕ ТРОГАТЬ!'!C34)
A8: =IF('Заполняет конвертор НЕ ТРОГАТЬ!'!A35="", "", 'Заполняет конвертор НЕ ТРОГАТЬ!'!A35) | B8: =IF('Заполняет конвертор НЕ ТРОГАТЬ!'!B35="", "", 'Заполняет конвертор НЕ ТРОГАТЬ!'!B35) | C8: =IF('Заполняет конвертор НЕ ТРОГАТЬ!'!C35="", "", 'Заполняет конвертор НЕ ТРОГАТЬ!'!C35)
A9: =IF('Заполняет конвертор НЕ ТРОГАТЬ!'!A36="", "", 'Заполняет конвертор НЕ ТРОГАТЬ!'!A36) | B9: =IF('Заполняет конвертор НЕ ТРОГАТЬ!'!B36="", "", 'Заполняет конвертор НЕ ТРОГАТЬ!'!B36) | C9: =IF('Заполняет конвертор НЕ ТРОГАТЬ!'!C36="", "", 'Заполняет конвертор НЕ ТРОГАТЬ!'!C36)
A10: =IF('Заполняет конвертор НЕ ТРОГАТЬ!'!A37="", "", 'Заполняет конвертор НЕ ТРОГАТЬ!'!A37) | B10: =IF('Заполняет конвертор НЕ ТРОГАТЬ!'!B37="", "", 'Заполняет конвертор НЕ ТРОГАТЬ!'!B37) | C10: =IF('Заполняет конвертор НЕ ТРОГАТЬ!'!C37="", "", 'Заполняет конвертор НЕ ТРОГАТЬ!'!C37)
A11: =IF('Заполняет конвертор НЕ ТРОГАТЬ!'!A38="", "", 'Заполняет конвертор НЕ ТРОГАТЬ!'!A38) | B11: =IF('Заполняет конвертор НЕ ТРОГАТЬ!'!B38="", "", 'Заполняет конвертор НЕ ТРОГАТЬ!'!B38) | C11: =IF('Заполняет конвертор НЕ ТРОГАТЬ!'!C38="", "", 'Заполняет конвертор НЕ ТРОГАТЬ!'!C38)
A12: =IF('Заполняет конвертор НЕ ТРОГАТЬ!'!A39="", "", 'Заполняет конвертор НЕ ТРОГАТЬ!'!A39) | B12: =IF('Заполняет конвертор НЕ ТРОГАТЬ!'!B39="", "", 'Заполняет конвертор НЕ ТРОГАТЬ!'!B39) | C12: =IF('Заполняет конвертор НЕ ТРОГАТЬ!'!C39="", "", 'Заполняет конвертор НЕ ТРОГАТЬ!'!C39)
A13: =IF('Заполняет конвертор НЕ ТРОГАТЬ!'!A40="", "", 'Заполняет конвертор НЕ ТРОГАТЬ!'!A40) | B13: =IF('Заполняет конвертор НЕ ТРОГАТЬ!'!B40="", "", 'Заполняет конвертор НЕ ТРОГАТЬ!'!B40) | C13: =IF('Заполняет конвертор НЕ ТРОГАТЬ!'!C40="", "", 'Заполняет конвертор НЕ ТРОГАТЬ!'!C40)
A14: =IF('Заполняет конвертор НЕ ТРОГАТЬ!'!A41="", "", 'Заполняет конвертор НЕ ТРОГАТЬ!'!A41) | B14: =IF('Заполняет конвертор НЕ ТРОГАТЬ!'!B41="", "", 'Заполняет конвертор НЕ ТРОГАТЬ!'!B41) | C14: =IF('Заполняет конвертор НЕ ТРОГАТЬ!'!C41="", "", 'Заполняет конвертор НЕ ТРОГАТЬ!'!C41)
A15: =IF('Заполняет конвертор НЕ ТРОГАТЬ!'!A42="", "", 'Заполняет конвертор НЕ ТРОГАТЬ!'!A42) | B15: =IF('Заполняет конвертор НЕ ТРОГАТЬ!'!B42="", "", 'Заполняет конвертор НЕ ТРОГАТЬ!'!B42) | C15: =IF('Заполняет конвертор НЕ ТРОГАТЬ!'!C42="", "", 'Заполняет конвертор НЕ ТРОГАТЬ!'!C42)
... A33: =IF('Заполняет конвертор НЕ ТРОГАТЬ!'!A60="", "", 'Заполняет конвертор НЕ ТРОГАТЬ!'!A60) | B33: =IF('Заполняет конвертор НЕ ТРОГАТЬ!'!B60="", "", 'Заполняет конвертор НЕ ТРОГАТЬ!'!B60) -> 1 | C33: =IF('Заполняет конвертор НЕ ТРОГАТЬ!'!C60="", "", 'Заполняет конвертор НЕ ТРОГАТЬ!'!C60) -> 1
A34: День с осеменения | B34: Сухостой | D34: Ссылка на отчет в Арке
A35: =IF('Заполняет конвертор НЕ ТРОГАТЬ!'!E31="", "", 'Заполняет конвертор НЕ ТРОГАТЬ!'!E31) -> 1 | B35: =IF('Заполняет конвертор НЕ ТРОГАТЬ!'!F31="", "", 'Заполняет конвертор НЕ ТРОГАТЬ!'!F31)
A36: =IF('Заполняет конвертор НЕ ТРОГАТЬ!'!E32="", "", 'Заполняет конвертор НЕ ТРОГАТЬ!'!E32) | B36: =IF('Заполняет конвертор НЕ ТРОГАТЬ!'!F32="", "", 'Заполняет конвертор НЕ ТРОГАТЬ!'!F32)
A37: =IF('Заполняет конвертор НЕ ТРОГАТЬ!'!E33="", "", 'Заполняет конвертор НЕ ТРОГАТЬ!'!E33) | B37: =IF('Заполняет конвертор НЕ ТРОГАТЬ!'!F33="", "", 'Заполняет конвертор НЕ ТРОГАТЬ!'!F33)
A38: =IF('Заполняет конвертор НЕ ТРОГАТЬ!'!E34="", "", 'Заполняет конвертор НЕ ТРОГАТЬ!'!E34) | B38: =IF('Заполняет конвертор НЕ ТРОГАТЬ!'!F34="", "", 'Заполняет конвертор НЕ ТРОГАТЬ!'!F34)
A39: =IF('Заполняет конвертор НЕ ТРОГАТЬ!'!E35="", "", 'Заполняет конвертор НЕ ТРОГАТЬ!'!E35) | B39: =IF('Заполняет конвертор НЕ ТРОГАТЬ!'!F35="", "", 'Заполняет конвертор НЕ ТРОГАТЬ!'!F35)
A40: =IF('Заполняет конвертор НЕ ТРОГАТЬ!'!E36="", "", 'Заполняет конвертор НЕ ТРОГАТЬ!'!E36) | B40: =IF('Заполняет конвертор НЕ ТРОГАТЬ!'!F36="", "", 'Заполняет конвертор НЕ ТРОГАТЬ!'!F36)
A41: =IF('Заполняет конвертор НЕ ТРОГАТЬ!'!E37="", "", 'Заполняет конвертор НЕ ТРОГАТЬ!'!E37) | B41: =IF('Заполняет конвертор НЕ ТРОГАТЬ!'!F37="", "", 'Заполняет конвертор НЕ ТРОГАТЬ!'!F37)
A42: =IF('Заполняет конвертор НЕ ТРОГАТЬ!'!E38="", "", 'Заполняет конвертор НЕ ТРОГАТЬ!'!E38) | B42: =IF('Заполняет конвертор НЕ ТРОГАТЬ!'!F38="", "", 'Заполняет конвертор НЕ ТРОГАТЬ!'!F38)
A43: =IF('Заполняет конвертор НЕ ТРОГАТЬ!'!E39="", "", 'Заполняет конвертор НЕ ТРОГАТЬ!'!E39) | B43: =IF('Заполняет конвертор НЕ ТРОГАТЬ!'!F39="", "", 'Заполняет конвертор НЕ ТРОГАТЬ!'!F39)
A44: =IF('Заполняет конвертор НЕ ТРОГАТЬ!'!E40="", "", 'Заполняет конвертор НЕ ТРОГАТЬ!'!E40) | B44: =IF('Заполняет конвертор НЕ ТРОГАТЬ!'!F40="", "", 'Заполняет конвертор НЕ ТРОГАТЬ!'!F40)
A45: =IF('Заполняет конвертор НЕ ТРОГАТЬ!'!E41="", "", 'Заполняет конвертор НЕ ТРОГАТЬ!'!E41) | B45: =IF('Заполняет конвертор НЕ ТРОГАТЬ!'!F41="", "", 'Заполняет конвертор НЕ ТРОГАТЬ!'!F41)
A46: =IF('Заполняет конвертор НЕ ТРОГАТЬ!'!E42="", "", 'Заполняет конвертор НЕ ТРОГАТЬ!'!E42) | B46: =IF('Заполняет конвертор НЕ ТРОГАТЬ!'!F42="", "", 'Заполняет конвертор НЕ ТРОГАТЬ!'!F42)
... A78: =IF('Заполняет конвертор НЕ ТРОГАТЬ!'!E74="", "", 'Заполняет конвертор НЕ ТРОГАТЬ!'!E74) | B78: =IF('Заполняет конвертор НЕ ТРОГАТЬ!'!F74="", "", 'Заполняет конвертор НЕ ТРОГАТЬ!'!F74) -> 1

Sheet 1-е ИО
A1: ID | B1: HDAT | C1: DIMFB | D1: Ссылка на отчет в Арке
A2: =IF('Заполняет конвертор НЕ ТРОГАТЬ!'!H31="", "", 'Заполняет конвертор НЕ ТРОГАТЬ!'!H31) -> 1 | B2: =IF('Заполняет конвертор НЕ ТРОГАТЬ!'!I31="", "", 'Заполняет конвертор НЕ ТРОГАТЬ!'!I31) | C2: =IF('Заполняет конвертор НЕ ТРОГАТЬ!'!J31="", "", 'Заполняет конвертор НЕ ТРОГАТЬ!'!J31)
A3: =IF('Заполняет конвертор НЕ ТРОГАТЬ!'!H32="", "", 'Заполняет конвертор НЕ ТРОГАТЬ!'!H32) | B3: =IF('Заполняет конвертор НЕ ТРОГАТЬ!'!I32="", "", 'Заполняет конвертор НЕ ТРОГАТЬ!'!I32) -> 2 | C3: =IF('Заполняет конвертор НЕ ТРОГАТЬ!'!J32="", "", 'Заполняет конвертор НЕ ТРОГАТЬ!'!J32)
A4: =IF('Заполняет конвертор НЕ ТРОГАТЬ!'!H33="", "", 'Заполняет конвертор НЕ ТРОГАТЬ!'!H33) | B4: =IF('Заполняет конвертор НЕ ТРОГАТЬ!'!I33="", "", 'Заполняет конвертор НЕ ТРОГАТЬ!'!I33) | C4: =IF('Заполняет конвертор НЕ ТРОГАТЬ!'!J33="", "", 'Заполняет конвертор НЕ ТРОГАТЬ!'!J33) -> 3
A5: =IF('Заполняет конвертор НЕ ТРОГАТЬ!'!H34="", "", 'Заполняет конвертор НЕ ТРОГАТЬ!'!H34) | B5: =IF('Заполняет конвертор НЕ ТРОГАТЬ!'!I34="", "", 'Заполняет конвертор НЕ ТРОГАТЬ!'!I34) | C5: =IF('Заполняет конвертор НЕ ТРОГАТЬ!'!J34="", "", 'Заполняет конвертор НЕ ТРОГАТЬ!'!J34)
A6: =IF('Заполняет конвертор НЕ ТРОГАТЬ!'!H35="", "", 'Заполняет конвертор НЕ ТРОГАТЬ!'!H35) | B6: =IF('Заполняет конвертор НЕ ТРОГАТЬ!'!I35="", "", 'Заполняет конвертор НЕ ТРОГАТЬ!'!I35) | C6: =IF('Заполняет конвертор НЕ ТРОГАТЬ!'!J35="", "", 'Заполняет конвертор НЕ ТРОГАТЬ!'!J35)
A7: =IF('Заполняет конвертор НЕ ТРОГАТЬ!'!H36="", "", 'Заполняет конвертор НЕ ТРОГАТЬ!'!H36) | B7: =IF('Заполняет конвертор НЕ ТРОГАТЬ!'!I36="", "", 'Заполняет конвертор НЕ ТРОГАТЬ!'!I36) | C7: =IF('Заполняет конвертор НЕ ТРОГАТЬ!'!J36="", "", 'Заполняет конвертор НЕ ТРОГАТЬ!'!J36)
A8: =IF('Заполняет конвертор НЕ ТРОГАТЬ!'!H37="", "", 'Заполняет конвертор НЕ ТРОГАТЬ!'!H37) | B8: =IF('Заполняет конвертор НЕ ТРОГАТЬ!'!I37="", "", 'Заполняет конвертор НЕ ТРОГАТЬ!'!I37) | C8: =IF('Заполняет конвертор НЕ ТРОГАТЬ!'!J37="", "", 'Заполняет конвертор НЕ ТРОГАТЬ!'!J37)
A9: =IF('Заполняет конвертор НЕ ТРОГАТЬ!'!H38="", "", 'Заполняет конвертор НЕ ТРОГАТЬ!'!H38) | B9: =IF('Заполняет конвертор НЕ ТРОГАТЬ!'!I38="", "", 'Заполняет конвертор НЕ ТРОГАТЬ!'!I38) | C9: =IF('Заполняет конвертор НЕ ТРОГАТЬ!'!J38="", "", 'Заполняет конвертор НЕ ТРОГАТЬ!'!J38)
A10: =IF('Заполняет конвертор НЕ ТРОГАТЬ!'!H39="", "", 'Заполняет конвертор НЕ ТРОГАТЬ!'!H39) | B10: =IF('Заполняет конвертор НЕ ТРОГАТЬ!'!I39="", "", 'Заполняет конвертор НЕ ТРОГАТЬ!'!I39) | C10: =IF('Заполняет конвертор НЕ ТРОГАТЬ!'!J39="", "", 'Заполняет конвертор НЕ ТРОГАТЬ!'!J39)
A11: =IF('Заполняет конвертор НЕ ТРОГАТЬ!'!H40="", "", 'Заполняет конвертор НЕ ТРОГАТЬ!'!H40) | B11: =IF('Заполняет конвертор НЕ ТРОГАТЬ!'!I40="", "", 'Заполняет конвертор НЕ ТРОГАТЬ!'!I40) | C11: =IF('Заполняет конвертор НЕ ТРОГАТЬ!'!J40="", "", 'Заполняет конвертор НЕ ТРОГАТЬ!'!J40)
A12: =IF('Заполняет конвертор НЕ ТРОГАТЬ!'!H41="", "", 'Заполняет конвертор НЕ ТРОГАТЬ!'!H41) | B12: =IF('Заполняет конвертор НЕ ТРОГАТЬ!'!I41="", "", 'Заполняет конвертор НЕ ТРОГАТЬ!'!I41) | C12: =IF('Заполняет конвертор НЕ ТРОГАТЬ!'!J41="", "", 'Заполняет конвертор НЕ ТРОГАТЬ!'!J41)
A13: =IF('Заполняет конвертор НЕ ТРОГАТЬ!'!H42="", "", 'Заполняет конвертор НЕ ТРОГАТЬ!'!H42) | B13: =IF('Заполняет конвертор НЕ ТРОГАТЬ!'!I42="", "", 'Заполняет конвертор НЕ ТРОГАТЬ!'!I42) | C13: =IF('Заполняет конвертор НЕ ТРОГАТЬ!'!J42="", "", 'Заполняет конвертор НЕ ТРОГАТЬ!'!J42)
... A100: =IF('Заполняет конвертор НЕ ТРОГАТЬ!'!H129="", "", 'Заполняет конвертор НЕ ТРОГАТЬ!'!H129) -> 1 | B100: =IF('Заполняет конвертор НЕ ТРОГАТЬ!'!I129="", "", 'Заполняет конвертор НЕ ТРОГАТЬ!'!I129) | C100: =IF('Заполняет конвертор НЕ ТРОГАТЬ!'!J129="", "", 'Заполняет конвертор НЕ ТРОГАТЬ!'!J129)

Sheet 2-е ИО
A1: ID | B1: HDAT | C1: DIMSB | D1: Ссылка на отчет в Арке
A2: =IF('Заполняет конвертор НЕ ТРОГАТЬ!'!L31="", "", 'Заполняет конвертор НЕ ТРОГАТЬ!'!L31) -> 1 | B2: =IF('Заполняет конвертор НЕ ТРОГАТЬ!'!M31="", "", 'Заполняет конвертор НЕ ТРОГАТЬ!'!M31) | C2: =IF('Заполняет конвертор НЕ ТРОГАТЬ!'!N31="", "", 'Заполняет конвертор НЕ ТРОГАТЬ!'!N31)
A3: =IF('Заполняет конвертор НЕ ТРОГАТЬ!'!L32="", "", 'Заполняет конвертор НЕ ТРОГАТЬ!'!L32) | B3: =IF('Заполняет конвертор НЕ ТРОГАТЬ!'!M32="", "", 'Заполняет конвертор НЕ ТРОГАТЬ!'!M32) -> 2 | C3: =IF('Заполняет конвертор НЕ ТРОГАТЬ!'!N32="", "", 'Заполняет конвертор НЕ ТРОГАТЬ!'!N32)
A4: =IF('Заполняет конвертор НЕ ТРОГАТЬ!'!L33="", "", 'Заполняет конвертор НЕ ТРОГАТЬ!'!L33) | B4: =IF('Заполняет конвертор НЕ ТРОГАТЬ!'!M33="", "", 'Заполняет конвертор НЕ ТРОГАТЬ!'!M33) | C4: =IF('Заполняет конвертор НЕ ТРОГАТЬ!'!N33="", "", 'Заполняет конвертор НЕ ТРОГАТЬ!'!N33) -> 3
A5: =IF('Заполняет конвертор НЕ ТРОГАТЬ!'!L34="", "", 'Заполняет конвертор НЕ ТРОГАТЬ!'!L34) | B5: =IF('Заполняет конвертор НЕ ТРОГАТЬ!'!M34="", "", 'Заполняет конвертор НЕ ТРОГАТЬ!'!M34) | C5: =IF('Заполняет конвертор НЕ ТРОГАТЬ!'!N34="", "", 'Заполняет конвертор НЕ ТРОГАТЬ!'!N34)
A6: =IF('Заполняет конвертор НЕ ТРОГАТЬ!'!L35="", "", 'Заполняет конвертор НЕ ТРОГАТЬ!'!L35) | B6: =IF('Заполняет конвертор НЕ ТРОГАТЬ!'!M35="", "", 'Заполняет конвертор НЕ ТРОГАТЬ!'!M35) | C6: =IF('Заполняет конвертор НЕ ТРОГАТЬ!'!N35="", "", 'Заполняет конвертор НЕ ТРОГАТЬ!'!N35)
A7: =IF('Заполняет конвертор НЕ ТРОГАТЬ!'!L36="", "", 'Заполняет конвертор НЕ ТРОГАТЬ!'!L36) | B7: =IF('Заполняет конвертор НЕ ТРОГАТЬ!'!M36="", "", 'Заполняет конвертор НЕ ТРОГАТЬ!'!M36) | C7: =IF('Заполняет конвертор НЕ ТРОГАТЬ!'!N36="", "", 'Заполняет конвертор НЕ ТРОГАТЬ!'!N36)
A8: =IF('Заполняет конвертор НЕ ТРОГАТЬ!'!L37="", "", 'Заполняет конвертор НЕ ТРОГАТЬ!'!L37) | B8: =IF('Заполняет конвертор НЕ ТРОГАТЬ!'!M37="", "", 'Заполняет конвертор НЕ ТРОГАТЬ!'!M37) | C8: =IF('Заполняет конвертор НЕ ТРОГАТЬ!'!N37="", "", 'Заполняет конвертор НЕ ТРОГАТЬ!'!N37)
A9: =IF('Заполняет конвертор НЕ ТРОГАТЬ!'!L38="", "", 'Заполняет конвертор НЕ ТРОГАТЬ!'!L38) | B9: =IF('Заполняет конвертор НЕ ТРОГАТЬ!'!M38="", "", 'Заполняет конвертор НЕ ТРОГАТЬ!'!M38) | C9: =IF('Заполняет конвертор НЕ ТРОГАТЬ!'!N38="", "", 'Заполняет конвертор НЕ ТРОГАТЬ!'!N38)
A10: =IF('Заполняет конвертор НЕ ТРОГАТЬ!'!L39="", "", 'Заполняет конвертор НЕ ТРОГАТЬ!'!L39) | B10: =IF('Заполняет конвертор НЕ ТРОГАТЬ!'!M39="", "", 'Заполняет конвертор НЕ ТРОГАТЬ!'!M39) | C10: =IF('Заполняет конвертор НЕ ТРОГАТЬ!'!N39="", "", 'Заполняет конвертор НЕ ТРОГАТЬ!'!N39)
A11: =IF('Заполняет конвертор НЕ ТРОГАТЬ!'!L40="", "", 'Заполняет конвертор НЕ ТРОГАТЬ!'!L40) | B11: =IF('Заполняет конвертор НЕ ТРОГАТЬ!'!M40="", "", 'Заполняет конвертор НЕ ТРОГАТЬ!'!M40) | C11: =IF('Заполняет конвертор НЕ ТРОГАТЬ!'!N40="", "", 'Заполняет конвертор НЕ ТРОГАТЬ!'!N40)
A12: =IF('Заполняет конвертор НЕ ТРОГАТЬ!'!L41="", "", 'Заполняет конвертор НЕ ТРОГАТЬ!'!L41) | B12: =IF('Заполняет конвертор НЕ ТРОГАТЬ!'!M41="", "", 'Заполняет конвертор НЕ ТРОГАТЬ!'!M41) | C12: =IF('Заполняет конвертор НЕ ТРОГАТЬ!'!N41="", "", 'Заполняет конвертор НЕ ТРОГАТЬ!'!N41)
A13: =IF('Заполняет конвертор НЕ ТРОГАТЬ!'!L42="", "", 'Заполняет конвертор НЕ ТРОГАТЬ!'!L42) | B13: =IF('Заполняет конвертор НЕ ТРОГАТЬ!'!M42="", "", 'Заполняет конвертор НЕ ТРОГАТЬ!'!M42) | C13: =IF('Заполняет конвертор НЕ ТРОГАТЬ!'!N42="", "", 'Заполняет конвертор НЕ ТРОГАТЬ!'!N42)
... A99: =IF('Заполняет конвертор НЕ ТРОГАТЬ!'!L128="", "", 'Заполняет конвертор НЕ ТРОГАТЬ!'!L128) -> 2 | B99: =IF('Заполняет конвертор НЕ ТРОГАТЬ!'!M128="", "", 'Заполняет конвертор НЕ ТРОГАТЬ!'!M128) | C99: =IF('Заполняет конвертор НЕ ТРОГАТЬ!'!N128="", "", 'Заполняет конвертор НЕ ТРОГАТЬ!'!N128)

Sheet Результат отёла
A1: Дата отёла | B1: Прц | C1: Кол-в | D1: Телка | E1: Бычок | M1: Скопируй таблицу и вставь сюда
A2: =M5 -> 46243 | B2: 0 | C2: 0 | D2: =O5 -> 12 | E2: =P5 -> 5
A3: =M6 -> 46244 | D3: =O6 -> 9 | E3: =P6 -> 5
A4: =M7 -> 46245 | D4: =O7 -> 11 | E4: =P7 -> 4 | M4: День | N4: Число отёлов | O4: Родилось тёлок | P4: Родилось быков
A5: =M8 -> 46246 | D5: =O8 -> 5 | E5: =P8 -> 3 | M5: =IF('Заполняет конвертор НЕ ТРОГАТЬ!'!A79="", "", 'Заполняет конвертор НЕ ТРОГАТЬ!'!A79) -> 46243 | N5: =IF('Заполняет конвертор НЕ ТРОГАТЬ!'!B79="", "", 'Заполняет конвертор НЕ ТРОГАТЬ!'!B79) -> 17 | O5: =IF('Заполняет конвертор НЕ ТРОГАТЬ!'!C79="", "", 'Заполняет конвертор НЕ ТРОГАТЬ!'!C79) -> 12 | P5: =IF('Заполняет конвертор НЕ ТРОГАТЬ!'!D79="", "", 'Заполняет конвертор НЕ ТРОГАТЬ!'!D79) -> 5
A6: =M9 -> 46247 | D6: =O9 -> 11 | E6: =P9 -> 2 | M6: =IF('Заполняет конвертор НЕ ТРОГАТЬ!'!A80="", "", 'Заполняет конвертор НЕ ТРОГАТЬ!'!A80) -> 46244 | N6: =IF('Заполняет конвертор НЕ ТРОГАТЬ!'!B80="", "", 'Заполняет конвертор НЕ ТРОГАТЬ!'!B80) -> 14 | O6: =IF('Заполняет конвертор НЕ ТРОГАТЬ!'!C80="", "", 'Заполняет конвертор НЕ ТРОГАТЬ!'!C80) -> 9 | P6: =IF('Заполняет конвертор НЕ ТРОГАТЬ!'!D80="", "", 'Заполняет конвертор НЕ ТРОГАТЬ!'!D80) -> 5
A7: =M10 -> 46248 | D7: =O10 -> 12 | E7: =P10 -> 4 | M7: =IF('Заполняет конвертор НЕ ТРОГАТЬ!'!A81="", "", 'Заполняет конвертор НЕ ТРОГАТЬ!'!A81) -> 46245 | N7: =IF('Заполняет конвертор НЕ ТРОГАТЬ!'!B81="", "", 'Заполняет конвертор НЕ ТРОГАТЬ!'!B81) -> 15 | O7: =IF('Заполняет конвертор НЕ ТРОГАТЬ!'!C81="", "", 'Заполняет конвертор НЕ ТРОГАТЬ!'!C81) -> 11 | P7: =IF('Заполняет конвертор НЕ ТРОГАТЬ!'!D81="", "", 'Заполняет конвертор НЕ ТРОГАТЬ!'!D81) -> 4
A8: =M11 -> 46249 | D8: =O11 -> 3 | E8: =P11 -> 0 | M8: =IF('Заполняет конвертор НЕ ТРОГАТЬ!'!A82="", "", 'Заполняет конвертор НЕ ТРОГАТЬ!'!A82) -> 46246 | N8: =IF('Заполняет конвертор НЕ ТРОГАТЬ!'!B82="", "", 'Заполняет конвертор НЕ ТРОГАТЬ!'!B82) -> 8 | O8: =IF('Заполняет конвертор НЕ ТРОГАТЬ!'!C82="", "", 'Заполняет конвертор НЕ ТРОГАТЬ!'!C82) -> 5 | P8: =IF('Заполняет конвертор НЕ ТРОГАТЬ!'!D82="", "", 'Заполняет конвертор НЕ ТРОГАТЬ!'!D82) -> 3
D9: =O12 -> 0 | E9: =P12 -> 0 | M9: =IF('Заполняет конвертор НЕ ТРОГАТЬ!'!A83="", "", 'Заполняет конвертор НЕ ТРОГАТЬ!'!A83) -> 46247 | N9: =IF('Заполняет конвертор НЕ ТРОГАТЬ!'!B83="", "", 'Заполняет конвертор НЕ ТРОГАТЬ!'!B83) -> 13 | O9: =IF('Заполняет конвертор НЕ ТРОГАТЬ!'!C83="", "", 'Заполняет конвертор НЕ ТРОГАТЬ!'!C83) -> 11 | P9: =IF('Заполняет конвертор НЕ ТРОГАТЬ!'!D83="", "", 'Заполняет конвертор НЕ ТРОГАТЬ!'!D83) -> 2
M10: =IF('Заполняет конвертор НЕ ТРОГАТЬ!'!A84="", "", 'Заполняет конвертор НЕ ТРОГАТЬ!'!A84) -> 46248 | N10: =IF('Заполняет конвертор НЕ ТРОГАТЬ!'!B84="", "", 'Заполняет конвертор НЕ ТРОГАТЬ!'!B84) -> 16 | O10: =IF('Заполняет конвертор НЕ ТРОГАТЬ!'!C84="", "", 'Заполняет конвертор НЕ ТРОГАТЬ!'!C84) -> 12 | P10: =IF('Заполняет конвертор НЕ ТРОГАТЬ!'!D84="", "", 'Заполняет конвертор НЕ ТРОГАТЬ!'!D84) -> 4
M11: =IF('Заполняет конвертор НЕ ТРОГАТЬ!'!A85="", "", 'Заполняет конвертор НЕ ТРОГАТЬ!'!A85) -> 46249 | N11: =IF('Заполняет конвертор НЕ ТРОГАТЬ!'!B85="", "", 'Заполняет конвертор НЕ ТРОГАТЬ!'!B85) -> 3 | O11: =IF('Заполняет конвертор НЕ ТРОГАТЬ!'!C85="", "", 'Заполняет конвертор НЕ ТРОГАТЬ!'!C85) -> 3 | P11: =IF('Заполняет конвертор НЕ ТРОГАТЬ!'!D85="", "", 'Заполняет конвертор НЕ ТРОГАТЬ!'!D85) -> 0
A13: Ссылка на отчет в Арке

Sheet Проверка УЗИ
A1: 0 | B1: Процент | C1: Событие | D1: Всего
A2: Стельные | B2: =IFERROR(D2/D4,0) -> 0.5 | C2: СТЕЛ | D2: =SUM('Стельность сухостой'!C4:C33) -> 1
A3: Холостые | B3: =IFERROR(D3/D4,0) -> 0.5 | C3: ЯЛОВ | D3: =SUM('Стельность сухостой'!B4:B33) -> 1
A4: ИТОГО | C4: ИТОГО | D4: =SUM(D2:D3) -> 2
A7: Дата | B7: 46243

Sheet Выбытие телят до 6 месяцев
A1: Ссылка на отчет в Арке | L1: Дата выбытия | M1: Продажа | N1: Падёж | P1: Сумма
A2: Дата выбытия | B2: Прц | C2: Кол-в | L2: =IF('Заполняет конвертор НЕ ТРОГАТЬ!'!A90="", "", 'Заполняет конвертор НЕ ТРОГАТЬ!'!A90) -> 46237 | M2: =IF('Заполняет конвертор НЕ ТРОГАТЬ!'!B90="", "", 'Заполняет конвертор НЕ ТРОГАТЬ!'!B90) -> 0 | N2: =IF('Заполняет конвертор НЕ ТРОГАТЬ!'!C90="", "", 'Заполняет конвертор НЕ ТРОГАТЬ!'!C90) -> 1 | P2: =M2+N2 -> 1
A3: =A4-1 -> 46218 | B3: 0 | C3: =IFERROR(_xlfn.XLOOKUP(A3,$L$2:$L$21,$P$2:$P$21),0) -> 0 | L3: =IF('Заполняет конвертор НЕ ТРОГАТЬ!'!A91="", "", 'Заполняет конвертор НЕ ТРОГАТЬ!'!A91) | M3: =IF('Заполняет конвертор НЕ ТРОГАТЬ!'!B91="", "", 'Заполняет конвертор НЕ ТРОГАТЬ!'!B91) | N3: =IF('Заполняет конвертор НЕ ТРОГАТЬ!'!C91="", "", 'Заполняет конвертор НЕ ТРОГАТЬ!'!C91) | P3: =M3+N3 -> #VALUE!
A4: =A5-1 -> 46219 | B4: 0 | C4: =IFERROR(_xlfn.XLOOKUP(A4,$L$2:$L$21,$P$2:$P$21),0) -> 0 | L4: =IF('Заполняет конвертор НЕ ТРОГАТЬ!'!A92="", "", 'Заполняет конвертор НЕ ТРОГАТЬ!'!A92) | M4: =IF('Заполняет конвертор НЕ ТРОГАТЬ!'!B92="", "", 'Заполняет конвертор НЕ ТРОГАТЬ!'!B92) | N4: =IF('Заполняет конвертор НЕ ТРОГАТЬ!'!C92="", "", 'Заполняет конвертор НЕ ТРОГАТЬ!'!C92) | P4: =M4+N4 -> #VALUE!
A5: =A6-1 -> 46220 | B5: 0 | C5: =IFERROR(_xlfn.XLOOKUP(A5,$L$2:$L$21,$P$2:$P$21),0) -> 0 | L5: =IF('Заполняет конвертор НЕ ТРОГАТЬ!'!A93="", "", 'Заполняет конвертор НЕ ТРОГАТЬ!'!A93) | M5: =IF('Заполняет конвертор НЕ ТРОГАТЬ!'!B93="", "", 'Заполняет конвертор НЕ ТРОГАТЬ!'!B93) | N5: =IF('Заполняет конвертор НЕ ТРОГАТЬ!'!C93="", "", 'Заполняет конвертор НЕ ТРОГАТЬ!'!C93) | P5: =M5+N5 -> #VALUE!
A6: =A7-1 -> 46221 | B6: 0 | C6: =IFERROR(_xlfn.XLOOKUP(A6,$L$2:$L$21,$P$2:$P$21),0) -> 0 | L6: =IF('Заполняет конвертор НЕ ТРОГАТЬ!'!A94="", "", 'Заполняет конвертор НЕ ТРОГАТЬ!'!A94) | M6: =IF('Заполняет конвертор НЕ ТРОГАТЬ!'!B94="", "", 'Заполняет конвертор НЕ ТРОГАТЬ!'!B94) | N6: =IF('Заполняет конвертор НЕ ТРОГАТЬ!'!C94="", "", 'Заполняет конвертор НЕ ТРОГАТЬ!'!C94) | P6: =M6+N6 -> #VALUE!
A7: =A8-1 -> 46222 | B7: 0 | C7: =IFERROR(_xlfn.XLOOKUP(A7,$L$2:$L$21,$P$2:$P$21),0) -> 0 | L7: =IF('Заполняет конвертор НЕ ТРОГАТЬ!'!A95="", "", 'Заполняет конвертор НЕ ТРОГАТЬ!'!A95) | M7: =IF('Заполняет конвертор НЕ ТРОГАТЬ!'!B95="", "", 'Заполняет конвертор НЕ ТРОГАТЬ!'!B95) | N7: =IF('Заполняет конвертор НЕ ТРОГАТЬ!'!C95="", "", 'Заполняет конвертор НЕ ТРОГАТЬ!'!C95) | P7: =M7+N7 -> #VALUE!
A8: =A9-1 -> 46223 | B8: 0 | C8: =IFERROR(_xlfn.XLOOKUP(A8,$L$2:$L$21,$P$2:$P$21),0) -> 0 | L8: =IF('Заполняет конвертор НЕ ТРОГАТЬ!'!A96="", "", 'Заполняет конвертор НЕ ТРОГАТЬ!'!A96) | M8: =IF('Заполняет конвертор НЕ ТРОГАТЬ!'!B96="", "", 'Заполняет конвертор НЕ ТРОГАТЬ!'!B96) | N8: =IF('Заполняет конвертор НЕ ТРОГАТЬ!'!C96="", "", 'Заполняет конвертор НЕ ТРОГАТЬ!'!C96) | P8: =M8+N8 -> #VALUE!
A9: =A10-1 -> 46224 | B9: 0 | C9: =IFERROR(_xlfn.XLOOKUP(A9,$L$2:$L$21,$P$2:$P$21),0) -> 0 | L9: =IF('Заполняет конвертор НЕ ТРОГАТЬ!'!A97="", "", 'Заполняет конвертор НЕ ТРОГАТЬ!'!A97) | M9: =IF('Заполняет конвертор НЕ ТРОГАТЬ!'!B97="", "", 'Заполняет конвертор НЕ ТРОГАТЬ!'!B97) | N9: =IF('Заполняет конвертор НЕ ТРОГАТЬ!'!C97="", "", 'Заполняет конвертор НЕ ТРОГАТЬ!'!C97) | P9: =M9+N9 -> #VALUE!
A10: =A11-1 -> 46225 | B10: 0 | C10: =IFERROR(_xlfn.XLOOKUP(A10,$L$2:$L$21,$P$2:$P$21),0) -> 0 | L10: =IF('Заполняет конвертор НЕ ТРОГАТЬ!'!A98="", "", 'Заполняет конвертор НЕ ТРОГАТЬ!'!A98) | M10: =IF('Заполняет конвертор НЕ ТРОГАТЬ!'!B98="", "", 'Заполняет конвертор НЕ ТРОГАТЬ!'!B98) | N10: =IF('Заполняет конвертор НЕ ТРОГАТЬ!'!C98="", "", 'Заполняет конвертор НЕ ТРОГАТЬ!'!C98) | P10: =M10+N10 -> #VALUE!
A11: =A12-1 -> 46226 | B11: 0 | C11: =IFERROR(_xlfn.XLOOKUP(A11,$L$2:$L$21,$P$2:$P$21),0) -> 0 | L11: =IF('Заполняет конвертор НЕ ТРОГАТЬ!'!A99="", "", 'Заполняет конвертор НЕ ТРОГАТЬ!'!A99) | M11: =IF('Заполняет конвертор НЕ ТРОГАТЬ!'!B99="", "", 'Заполняет конвертор НЕ ТРОГАТЬ!'!B99) | N11: =IF('Заполняет конвертор НЕ ТРОГАТЬ!'!C99="", "", 'Заполняет конвертор НЕ ТРОГАТЬ!'!C99) | P11: =M11+N11 -> #VALUE!
A12: =A13-1 -> 46227 | B12: 0 | C12: =IFERROR(_xlfn.XLOOKUP(A12,$L$2:$L$21,$P$2:$P$21),0) -> 0 | L12: =IF('Заполняет конвертор НЕ ТРОГАТЬ!'!A100="", "", 'Заполняет конвертор НЕ ТРОГАТЬ!'!A100) | M12: =IF('Заполняет конвертор НЕ ТРОГАТЬ!'!B100="", "", 'Заполняет конвертор НЕ ТРОГАТЬ!'!B100) | N12: =IF('Заполняет конвертор НЕ ТРОГАТЬ!'!C100="", "", 'Заполняет конвертор НЕ ТРОГАТЬ!'!C100) | P12: =M12+N12 -> #VALUE!
A13: =A14-1 -> 46228 | B13: 0 | C13: =IFERROR(_xlfn.XLOOKUP(A13,$L$2:$L$21,$P$2:$P$21),0) -> 0 | L13: =IF('Заполняет конвертор НЕ ТРОГАТЬ!'!A101="", "", 'Заполняет конвертор НЕ ТРОГАТЬ!'!A101) | M13: =IF('Заполняет конвертор НЕ ТРОГАТЬ!'!B101="", "", 'Заполняет конвертор НЕ ТРОГАТЬ!'!B101) | N13: =IF('Заполняет конвертор НЕ ТРОГАТЬ!'!C101="", "", 'Заполняет конвертор НЕ ТРОГАТЬ!'!C101) | P13: =M13+N13 -> #VALUE!
A14: =A15-1 -> 46229 | B14: 0 | C14: =IFERROR(_xlfn.XLOOKUP(A14,$L$2:$L$21,$P$2:$P$21),0) -> 0 | L14: =IF('Заполняет конвертор НЕ ТРОГАТЬ!'!A102="", "", 'Заполняет конвертор НЕ ТРОГАТЬ!'!A102) | M14: =IF('Заполняет конвертор НЕ ТРОГАТЬ!'!B102="", "", 'Заполняет конвертор НЕ ТРОГАТЬ!'!B102) | N14: =IF('Заполняет конвертор НЕ ТРОГАТЬ!'!C102="", "", 'Заполняет конвертор НЕ ТРОГАТЬ!'!C102) | P14: =M14+N14 -> #VALUE!
... A19: =A20-1 -> 46234 | B19: 0 | C19: =IFERROR(_xlfn.XLOOKUP(A19,$L$2:$L$21,$P$2:$P$21),0) -> 0 | L19: =IF('Заполняет конвертор НЕ ТРОГАТЬ!'!A107="", "", 'Заполняет конвертор НЕ ТРОГАТЬ!'!A107) | M19: =IF('Заполняет конвертор НЕ ТРОГАТЬ!'!B107="", "", 'Заполняет конвертор НЕ ТРОГАТЬ!'!B107) | N19: =IF('Заполняет конвертор НЕ ТРОГАТЬ!'!C107="", "", 'Заполняет конвертор НЕ ТРОГАТЬ!'!C107) | P19: =M19+N19 -> #VALUE!
A20: =A21-1 -> 46235 | B20: 0 | C20: =IFERROR(_xlfn.XLOOKUP(A20,$L$2:$L$34,$P$2:$P$34),0) -> 3 | L20: =IF('Заполняет конвертор НЕ ТРОГАТЬ!'!A108="", "", 'Заполняет конвертор НЕ ТРОГАТЬ!'!A108) | M20: =IF('Заполняет конвертор НЕ ТРОГАТЬ!'!B108="", "", 'Заполняет конвертор НЕ ТРОГАТЬ!'!B108) | N20: =IF('Заполняет конвертор НЕ ТРОГАТЬ!'!C108="", "", 'Заполняет конвертор НЕ ТРОГАТЬ!'!C108) | P20: =M20+N20 -> #VALUE!
A21: =A22-1 -> 46236 | B21: 0 | C21: =IFERROR(_xlfn.XLOOKUP(A21,$L$2:$L$21,$P$2:$P$21),0) -> 0 | L21: =IF('Заполняет конвертор НЕ ТРОГАТЬ!'!A109="", "", 'Заполняет конвертор НЕ ТРОГАТЬ!'!A109) | M21: =IF('Заполняет конвертор НЕ ТРОГАТЬ!'!B109="", "", 'Заполняет конвертор НЕ ТРОГАТЬ!'!B109) | N21: =IF('Заполняет конвертор НЕ ТРОГАТЬ!'!C109="", "", 'Заполняет конвертор НЕ ТРОГАТЬ!'!C109) | P21: =M21+N21 -> #VALUE!
A22: =A23-1 -> 46237 | B22: 0 | C22: =IFERROR(_xlfn.XLOOKUP(A22,$L$2:$L$21,$P$2:$P$21),0) -> 1 | L22: =IF('Заполняет конвертор НЕ ТРОГАТЬ!'!A110="", "", 'Заполняет конвертор НЕ ТРОГАТЬ!'!A110) | M22: =IF('Заполняет конвертор НЕ ТРОГАТЬ!'!B110="", "", 'Заполняет конвертор НЕ ТРОГАТЬ!'!B110) | N22: =IF('Заполняет конвертор НЕ ТРОГАТЬ!'!C110="", "", 'Заполняет конвертор НЕ ТРОГАТЬ!'!C110) | P22: =M22+N22 -> #VALUE!
A23: =A24-1 -> 46238 | B23: 0 | C23: =IFERROR(_xlfn.XLOOKUP(A23,$L$2:$L$21,$P$2:$P$21),0) -> 0 | L23: =IF('Заполняет конвертор НЕ ТРОГАТЬ!'!A111="", "", 'Заполняет конвертор НЕ ТРОГАТЬ!'!A111) | M23: =IF('Заполняет конвертор НЕ ТРОГАТЬ!'!B111="", "", 'Заполняет конвертор НЕ ТРОГАТЬ!'!B111) | N23: =IF('Заполняет конвертор НЕ ТРОГАТЬ!'!C111="", "", 'Заполняет конвертор НЕ ТРОГАТЬ!'!C111) | P23: =M23+N23 -> #VALUE!
A24: =A25-1 -> 46239 | B24: 0 | C24: =IFERROR(_xlfn.XLOOKUP(A24,$L$2:$L$21,$P$2:$P$21),0) -> 0 | L24: =IF('Заполняет конвертор НЕ ТРОГАТЬ!'!A112="", "", 'Заполняет конвертор НЕ ТРОГАТЬ!'!A112) | M24: =IF('Заполняет конвертор НЕ ТРОГАТЬ!'!B112="", "", 'Заполняет конвертор НЕ ТРОГАТЬ!'!B112) | N24: =IF('Заполняет конвертор НЕ ТРОГАТЬ!'!C112="", "", 'Заполняет конвертор НЕ ТРОГАТЬ!'!C112) | P24: =M24+N24 -> #VALUE!
A25: =A26-1 -> 46240 | B25: 0 | C25: =IFERROR(_xlfn.XLOOKUP(A25,$L$2:$L$21,$P$2:$P$21),0) -> 0 | L25: =IF('Заполняет конвертор НЕ ТРОГАТЬ!'!A113="", "", 'Заполняет конвертор НЕ ТРОГАТЬ!'!A113) | M25: =IF('Заполняет конвертор НЕ ТРОГАТЬ!'!B113="", "", 'Заполняет конвертор НЕ ТРОГАТЬ!'!B113) | N25: =IF('Заполняет конвертор НЕ ТРОГАТЬ!'!C113="", "", 'Заполняет конвертор НЕ ТРОГАТЬ!'!C113) | P25: =M25+N25 -> #VALUE!
A26: =A27-1 -> 46241 | B26: 0 | C26: =IFERROR(_xlfn.XLOOKUP(A26,$L$2:$L$21,$P$2:$P$21),0) -> 0 | L26: =IF('Заполняет конвертор НЕ ТРОГАТЬ!'!A114="", "", 'Заполняет конвертор НЕ ТРОГАТЬ!'!A114) | M26: =IF('Заполняет конвертор НЕ ТРОГАТЬ!'!B114="", "", 'Заполняет конвертор НЕ ТРОГАТЬ!'!B114) | N26: =IF('Заполняет конвертор НЕ ТРОГАТЬ!'!C114="", "", 'Заполняет конвертор НЕ ТРОГАТЬ!'!C114) | P26: =M26+N26 -> #VALUE!
A27: =A28-1 -> 46242 | B27: 0 | C27: =IFERROR(_xlfn.XLOOKUP(A27,$L$2:$L$21,$P$2:$P$21),0) -> 0 | L27: =IF('Заполняет конвертор НЕ ТРОГАТЬ!'!A115="", "", 'Заполняет конвертор НЕ ТРОГАТЬ!'!A115) | M27: =IF('Заполняет конвертор НЕ ТРОГАТЬ!'!B115="", "", 'Заполняет конвертор НЕ ТРОГАТЬ!'!B115) | N27: =IF('Заполняет конвертор НЕ ТРОГАТЬ!'!C115="", "", 'Заполняет конвертор НЕ ТРОГАТЬ!'!C115) | P27: =M27+N27 -> #VALUE!
A28: =A29-1 -> 46243 | B28: 0 | C28: =IFERROR(_xlfn.XLOOKUP(A28,$L$2:$L$21,$P$2:$P$21),0) -> 0 | L28: =IF('Заполняет конвертор НЕ ТРОГАТЬ!'!A116="", "", 'Заполняет конвертор НЕ ТРОГАТЬ!'!A116) | M28: =IF('Заполняет конвертор НЕ ТРОГАТЬ!'!B116="", "", 'Заполняет конвертор НЕ ТРОГАТЬ!'!B116) | N28: =IF('Заполняет конвертор НЕ ТРОГАТЬ!'!C116="", "", 'Заполняет конвертор НЕ ТРОГАТЬ!'!C116) | P28: =M28+N28 -> #VALUE!
A29: =A30-1 -> 46244 | B29: 0 | C29: =IFERROR(_xlfn.XLOOKUP(A29,$L$2:$L$21,$P$2:$P$21),0) -> 0 | L29: =IF('Заполняет конвертор НЕ ТРОГАТЬ!'!A117="", "", 'Заполняет конвертор НЕ ТРОГАТЬ!'!A117) | M29: =IF('Заполняет конвертор НЕ ТРОГАТЬ!'!B117="", "", 'Заполняет конвертор НЕ ТРОГАТЬ!'!B117) | N29: =IF('Заполняет конвертор НЕ ТРОГАТЬ!'!C117="", "", 'Заполняет конвертор НЕ ТРОГАТЬ!'!C117) | P29: =M29+N29 -> #VALUE!
A30: =A31-1 -> 46245 | B30: 0 | C30: =IFERROR(_xlfn.XLOOKUP(A30,$L$2:$L$21,$P$2:$P$21),0) -> 0 | L30: =IF('Заполняет конвертор НЕ ТРОГАТЬ!'!A118="", "", 'Заполняет конвертор НЕ ТРОГАТЬ!'!A118) | M30: =IF('Заполняет конвертор НЕ ТРОГАТЬ!'!B118="", "", 'Заполняет конвертор НЕ ТРОГАТЬ!'!B118) | N30: =IF('Заполняет конвертор НЕ ТРОГАТЬ!'!C118="", "", 'Заполняет конвертор НЕ ТРОГАТЬ!'!C118) | P30: =M30+N30 -> #VALUE!
A31: =A32-1 -> 46246 | B31: 0 | C31: =IFERROR(_xlfn.XLOOKUP(A31,$L$2:$L$21,$P$2:$P$21),0) -> 0 | L31: =IF('Заполняет конвертор НЕ ТРОГАТЬ!'!A119="", "", 'Заполняет конвертор НЕ ТРОГАТЬ!'!A119) | M31: =IF('Заполняет конвертор НЕ ТРОГАТЬ!'!B119="", "", 'Заполняет конвертор НЕ ТРОГАТЬ!'!B119) | N31: =IF('Заполняет конвертор НЕ ТРОГАТЬ!'!C119="", "", 'Заполняет конвертор НЕ ТРОГАТЬ!'!C119) | P31: =M31+N31 -> #VALUE!
A32: =A33-1 -> 46247 | B32: 0 | C32: =IFERROR(_xlfn.XLOOKUP(A32,$L$2:$L$21,$P$2:$P$21),0) -> 0 | L32: =IF('Заполняет конвертор НЕ ТРОГАТЬ!'!A120="", "", 'Заполняет конвертор НЕ ТРОГАТЬ!'!A120) | M32: =IF('Заполняет конвертор НЕ ТРОГАТЬ!'!B120="", "", 'Заполняет конвертор НЕ ТРОГАТЬ!'!B120) | N32: =IF('Заполняет конвертор НЕ ТРОГАТЬ!'!C120="", "", 'Заполняет конвертор НЕ ТРОГАТЬ!'!C120) | P32: =M32+N32 -> #VALUE!
A33: =A34-1 -> 46248 | B33: 0 | C33: =IFERROR(_xlfn.XLOOKUP(A33,$L$2:$L$21,$P$2:$P$21),0) -> 0 | L33: =IF('Заполняет конвертор НЕ ТРОГАТЬ!'!A121="", "", 'Заполняет конвертор НЕ ТРОГАТЬ!'!A121) | M33: =IF('Заполняет конвертор НЕ ТРОГАТЬ!'!B121="", "", 'Заполняет конвертор НЕ ТРОГАТЬ!'!B121) | N33: =IF('Заполняет конвертор НЕ ТРОГАТЬ!'!C121="", "", 'Заполняет конвертор НЕ ТРОГАТЬ!'!C121) | P33: =M33+N33 -> #VALUE!
A34: 46249 | B34: 0 | C34: =IFERROR(_xlfn.XLOOKUP(A34,$L$2:$L$21,$P$2:$P$21),0) -> 0 | L34: =IF('Заполняет конвертор НЕ ТРОГАТЬ!'!A122="", "", 'Заполняет конвертор НЕ ТРОГАТЬ!'!A122) -> 46235 | M34: =IF('Заполняет конвертор НЕ ТРОГАТЬ!'!B122="", "", 'Заполняет конвертор НЕ ТРОГАТЬ!'!B122) -> 1 | N34: =IF('Заполняет конвертор НЕ ТРОГАТЬ!'!C122="", "", 'Заполняет конвертор НЕ ТРОГАТЬ!'!C122) -> 2 | P34: =M34+N34 -> 3

Sheet Выбытие до 60 дней  за год
A1: МЕСЯЦ | B1: ОТЕЛ | C1: ВЫБЫТИЕ | D1: СОХРАННОСТЬ | E1: ВЫБЫТИЕ %
A2: =M3 -> сен 2025 | B2: =N3+P3 -> 462 | C2: =O3+Q3 -> 70 | D2: =IFERROR((B2-C2)/B2,0) -> 0.84848485 | E2: =IFERROR(C2/B2,0) -> 0.15151515 | M2: Месяц и год отёла | N2: Отел | O2: Падёж | P2: Аборт | Q2: Продажа
A3: =M4 -> 45931 | B3: =N4+P4 -> 460 | C3: =O4+Q4 -> 46 | D3: =IFERROR((B3-C3)/B3,0) -> 0.9 | E3: =IFERROR(C3/B3,0) -> 0.1 | M3: =IF('Заполняет конвертор НЕ ТРОГАТЬ!'!A126="", "", 'Заполняет конвертор НЕ ТРОГАТЬ!'!A126) -> сен 2025 | N3: =IF('Заполняет конвертор НЕ ТРОГАТЬ!'!B126="", "", 'Заполняет конвертор НЕ ТРОГАТЬ!'!B126) -> 455 | O3: =IF('Заполняет конвертор НЕ ТРОГАТЬ!'!C126="", "", 'Заполняет конвертор НЕ ТРОГАТЬ!'!C126) -> 14 | P3: =IF('Заполняет конвертор НЕ ТРОГАТЬ!'!D126="", "", 'Заполняет конвертор НЕ ТРОГАТЬ!'!D126) -> 7 | Q3: =IF('Заполняет конвертор НЕ ТРОГАТЬ!'!E126="", "", 'Заполняет конвертор НЕ ТРОГАТЬ!'!E126) -> 56
A4: =M5 -> ноя 2025 | B4: =N5+P5 -> 314 | C4: =O5+Q5 -> 37 | D4: =IFERROR((B4-C4)/B4,0) -> 0.88216561 | E4: =IFERROR(C4/B4,0) -> 0.11783439 | M4: =IF('Заполняет конвертор НЕ ТРОГАТЬ!'!A127="", "", 'Заполняет конвертор НЕ ТРОГАТЬ!'!A127) -> 45931 | N4: =IF('Заполняет конвертор НЕ ТРОГАТЬ!'!B127="", "", 'Заполняет конвертор НЕ ТРОГАТЬ!'!B127) -> 454 | O4: =IF('Заполняет конвертор НЕ ТРОГАТЬ!'!C127="", "", 'Заполняет конвертор НЕ ТРОГАТЬ!'!C127) -> 9 | P4: =IF('Заполняет конвертор НЕ ТРОГАТЬ!'!D127="", "", 'Заполняет конвертор НЕ ТРОГАТЬ!'!D127) -> 6 | Q4: =IF('Заполняет конвертор НЕ ТРОГАТЬ!'!E127="", "", 'Заполняет конвертор НЕ ТРОГАТЬ!'!E127) -> 37
A5: =M6 -> 45992 | B5: =N6+P6 -> 477 | C5: =O6+Q6 -> 78 | D5: =IFERROR((B5-C5)/B5,0) -> 0.83647799 | E5: =IFERROR(C5/B5,0) -> 0.16352201 | M5: =IF('Заполняет конвертор НЕ ТРОГАТЬ!'!A128="", "", 'Заполняет конвертор НЕ ТРОГАТЬ!'!A128) -> ноя 2025 | N5: =IF('Заполняет конвертор НЕ ТРОГАТЬ!'!B128="", "", 'Заполняет конвертор НЕ ТРОГАТЬ!'!B128) -> 310 | O5: =IF('Заполняет конвертор НЕ ТРОГАТЬ!'!C128="", "", 'Заполняет конвертор НЕ ТРОГАТЬ!'!C128) -> 8 | P5: =IF('Заполняет конвертор НЕ ТРОГАТЬ!'!D128="", "", 'Заполняет конвертор НЕ ТРОГАТЬ!'!D128) -> 4 | Q5: =IF('Заполняет конвертор НЕ ТРОГАТЬ!'!E128="", "", 'Заполняет конвертор НЕ ТРОГАТЬ!'!E128) -> 29
A6: =M7 -> 46023 | B6: =N7+P7 -> 467 | C6: =O7+Q7 -> 75 | D6: =IFERROR((B6-C6)/B6,0) -> 0.83940043 | E6: =IFERROR(C6/B6,0) -> 0.16059957 | M6: =IF('Заполняет конвертор НЕ ТРОГАТЬ!'!A129="", "", 'Заполняет конвертор НЕ ТРОГАТЬ!'!A129) -> 45992 | N6: =IF('Заполняет конвертор НЕ ТРОГАТЬ!'!B129="", "", 'Заполняет конвертор НЕ ТРОГАТЬ!'!B129) -> 470 | O6: =IF('Заполняет конвертор НЕ ТРОГАТЬ!'!C129="", "", 'Заполняет конвертор НЕ ТРОГАТЬ!'!C129) -> 14 | P6: =IF('Заполняет конвертор НЕ ТРОГАТЬ!'!D129="", "", 'Заполняет конвертор НЕ ТРОГАТЬ!'!D129) -> 7 | Q6: =IF('Заполняет конвертор НЕ ТРОГАТЬ!'!E129="", "", 'Заполняет конвертор НЕ ТРОГАТЬ!'!E129) -> 64
A7: =M8 -> фев 2026 | B7: =N8+P8 -> 446 | C7: =O8+Q8 -> 61 | D7: =IFERROR((B7-C7)/B7,0) -> 0.8632287 | E7: =IFERROR(C7/B7,0) -> 0.1367713 | M7: =IF('Заполняет конвертор НЕ ТРОГАТЬ!'!A130="", "", 'Заполняет конвертор НЕ ТРОГАТЬ!'!A130) -> 46023 | N7: =IF('Заполняет конвертор НЕ ТРОГАТЬ!'!B130="", "", 'Заполняет конвертор НЕ ТРОГАТЬ!'!B130) -> 463 | O7: =IF('Заполняет конвертор НЕ ТРОГАТЬ!'!C130="", "", 'Заполняет конвертор НЕ ТРОГАТЬ!'!C130) -> 10 | P7: =IF('Заполняет конвертор НЕ ТРОГАТЬ!'!D130="", "", 'Заполняет конвертор НЕ ТРОГАТЬ!'!D130) -> 4 | Q7: =IF('Заполняет конвертор НЕ ТРОГАТЬ!'!E130="", "", 'Заполняет конвертор НЕ ТРОГАТЬ!'!E130) -> 65
A8: =M9 -> 46082 | B8: =N9+P9 -> 461 | C8: =O9+Q9 -> 64 | D8: =IFERROR((B8-C8)/B8,0) -> 0.86117137 | E8: =IFERROR(C8/B8,0) -> 0.13882863 | M8: =IF('Заполняет конвертор НЕ ТРОГАТЬ!'!A131="", "", 'Заполняет конвертор НЕ ТРОГАТЬ!'!A131) -> фев 2026 | N8: =IF('Заполняет конвертор НЕ ТРОГАТЬ!'!B131="", "", 'Заполняет конвертор НЕ ТРОГАТЬ!'!B131) -> 444 | O8: =IF('Заполняет конвертор НЕ ТРОГАТЬ!'!C131="", "", 'Заполняет конвертор НЕ ТРОГАТЬ!'!C131) -> 6 | P8: =IF('Заполняет конвертор НЕ ТРОГАТЬ!'!D131="", "", 'Заполняет конвертор НЕ ТРОГАТЬ!'!D131) -> 2 | Q8: =IF('Заполняет конвертор НЕ ТРОГАТЬ!'!E131="", "", 'Заполняет конвертор НЕ ТРОГАТЬ!'!E131) -> 55
A9: =M10 -> 46113 | B9: =N10+P10 -> 317 | C9: =O10+Q10 -> 50 | D9: =IFERROR((B9-C9)/B9,0) -> 0.84227129 | E9: =IFERROR(C9/B9,0) -> 0.15772871 | M9: =IF('Заполняет конвертор НЕ ТРОГАТЬ!'!A132="", "", 'Заполняет конвертор НЕ ТРОГАТЬ!'!A132) -> 46082 | N9: =IF('Заполняет конвертор НЕ ТРОГАТЬ!'!B132="", "", 'Заполняет конвертор НЕ ТРОГАТЬ!'!B132) -> 456 | O9: =IF('Заполняет конвертор НЕ ТРОГАТЬ!'!C132="", "", 'Заполняет конвертор НЕ ТРОГАТЬ!'!C132) -> 12 | P9: =IF('Заполняет конвертор НЕ ТРОГАТЬ!'!D132="", "", 'Заполняет конвертор НЕ ТРОГАТЬ!'!D132) -> 5 | Q9: =IF('Заполняет конвертор НЕ ТРОГАТЬ!'!E132="", "", 'Заполняет конвертор НЕ ТРОГАТЬ!'!E132) -> 52
A10: =M11 -> май 2026 | B10: =N11+P11 -> 434 | C10: =O11+Q11 -> 97 | D10: =IFERROR((B10-C10)/B10,0) -> 0.7764977 | E10: =IFERROR(C10/B10,0) -> 0.2235023 | M10: =IF('Заполняет конвертор НЕ ТРОГАТЬ!'!A133="", "", 'Заполняет конвертор НЕ ТРОГАТЬ!'!A133) -> 46113 | N10: =IF('Заполняет конвертор НЕ ТРОГАТЬ!'!B133="", "", 'Заполняет конвертор НЕ ТРОГАТЬ!'!B133) -> 313 | O10: =IF('Заполняет конвертор НЕ ТРОГАТЬ!'!C133="", "", 'Заполняет конвертор НЕ ТРОГАТЬ!'!C133) -> 11 | P10: =IF('Заполняет конвертор НЕ ТРОГАТЬ!'!D133="", "", 'Заполняет конвертор НЕ ТРОГАТЬ!'!D133) -> 4 | Q10: =IF('Заполняет конвертор НЕ ТРОГАТЬ!'!E133="", "", 'Заполняет конвертор НЕ ТРОГАТЬ!'!E133) -> 39
A11: =M12 -> 46174 | B11: =N12+P12 -> 370 | C11: =O12+Q12 -> 69 | D11: =IFERROR((B11-C11)/B11,0) -> 0.81351351 | E11: =IFERROR(C11/B11,0) -> 0.18648649 | M11: =IF('Заполняет конвертор НЕ ТРОГАТЬ!'!A134="", "", 'Заполняет конвертор НЕ ТРОГАТЬ!'!A134) -> май 2026 | N11: =IF('Заполняет конвертор НЕ ТРОГАТЬ!'!B134="", "", 'Заполняет конвертор НЕ ТРОГАТЬ!'!B134) -> 431 | O11: =IF('Заполняет конвертор НЕ ТРОГАТЬ!'!C134="", "", 'Заполняет конвертор НЕ ТРОГАТЬ!'!C134) -> 21 | P11: =IF('Заполняет конвертор НЕ ТРОГАТЬ!'!D134="", "", 'Заполняет конвертор НЕ ТРОГАТЬ!'!D134) -> 3 | Q11: =IF('Заполняет конвертор НЕ ТРОГАТЬ!'!E134="", "", 'Заполняет конвертор НЕ ТРОГАТЬ!'!E134) -> 76
A12: =M13 -> 46204 | B12: =N13+P13 -> 384 | C12: =O13+Q13 -> 35 | D12: =IFERROR((B12-C12)/B12,0) -> 0.90885417 | E12: =IFERROR(C12/B12,0) -> 0.091145833 | M12: =IF('Заполняет конвертор НЕ ТРОГАТЬ!'!A135="", "", 'Заполняет конвертор НЕ ТРОГАТЬ!'!A135) -> 46174 | N12: =IF('Заполняет конвертор НЕ ТРОГАТЬ!'!B135="", "", 'Заполняет конвертор НЕ ТРОГАТЬ!'!B135) -> 363 | O12: =IF('Заполняет конвертор НЕ ТРОГАТЬ!'!C135="", "", 'Заполняет конвертор НЕ ТРОГАТЬ!'!C135) -> 13 | P12: =IF('Заполняет конвертор НЕ ТРОГАТЬ!'!D135="", "", 'Заполняет конвертор НЕ ТРОГАТЬ!'!D135) -> 7 | Q12: =IF('Заполняет конвертор НЕ ТРОГАТЬ!'!E135="", "", 'Заполняет конвертор НЕ ТРОГАТЬ!'!E135) -> 56
A13: =M14 -> 46235 | B13: =N14+P14 -> 253 | C13: =O14+Q14 -> 13 | D13: =IFERROR((B13-C13)/B13,0) -> 0.9486166 | E13: =IFERROR(C13/B13,0) -> 0.051383399 | M13: =IF('Заполняет конвертор НЕ ТРОГАТЬ!'!A136="", "", 'Заполняет конвертор НЕ ТРОГАТЬ!'!A136) -> 46204 | N13: =IF('Заполняет конвертор НЕ ТРОГАТЬ!'!B136="", "", 'Заполняет конвертор НЕ ТРОГАТЬ!'!B136) -> 380 | O13: =IF('Заполняет конвертор НЕ ТРОГАТЬ!'!C136="", "", 'Заполняет конвертор НЕ ТРОГАТЬ!'!C136) -> 7 | P13: =IF('Заполняет конвертор НЕ ТРОГАТЬ!'!D136="", "", 'Заполняет конвертор НЕ ТРОГАТЬ!'!D136) -> 4 | Q13: =IF('Заполняет конвертор НЕ ТРОГАТЬ!'!E136="", "", 'Заполняет конвертор НЕ ТРОГАТЬ!'!E136) -> 28
A14: ИТОГО | B14: =SUM(B2:B13) -> 4845 | C14: =SUM(C2:C13) -> 695 | D14: =1-(C14/B14) -> 0.85655315 | E14: =C14/B14 -> 0.14344685 | M14: =IF('Заполняет конвертор НЕ ТРОГАТЬ!'!A137="", "", 'Заполняет конвертор НЕ ТРОГАТЬ!'!A137) -> 46235 | N14: =IF('Заполняет конвертор НЕ ТРОГАТЬ!'!B137="", "", 'Заполняет конвертор НЕ ТРОГАТЬ!'!B137) -> 252 | O14: =IF('Заполняет конвертор НЕ ТРОГАТЬ!'!C137="", "", 'Заполняет конвертор НЕ ТРОГАТЬ!'!C137) -> 2 | P14: =IF('Заполняет конвертор НЕ ТРОГАТЬ!'!D137="", "", 'Заполняет конвертор НЕ ТРОГАТЬ!'!D137) -> 1 | Q14: =IF('Заполняет конвертор НЕ ТРОГАТЬ!'!E137="", "", 'Заполняет конвертор НЕ ТРОГАТЬ!'!E137) -> 11
B15: B14 - формула | C15: С14 - формула
A17: Ссылка на отчет в Арке

Sheet Выбытие до 60 дней в доении
A1: Дата выбытия | B1: Прц | C1: Кол-в | E1: Ссылка на отчет в Арке | L1: Дата выбытия | M1: Продажа | N1: Падёж | P1: Сумма
A2: =A3-1 -> 46219 | C2: =IFERROR(_xlfn.XLOOKUP(A2,$L$2:$L$31,$P$2:$P$31),0) -> 0 | L2: =IF('Заполняет конвертор НЕ ТРОГАТЬ!'!S3="", "", 'Заполняет конвертор НЕ ТРОГАТЬ!'!S3) | M2: =IF('Заполняет конвертор НЕ ТРОГАТЬ!'!T3="", "", 'Заполняет конвертор НЕ ТРОГАТЬ!'!T3) -> 1 | N2: =IF('Заполняет конвертор НЕ ТРОГАТЬ!'!U3="", "", 'Заполняет конвертор НЕ ТРОГАТЬ!'!U3) | P2: =M2+N2 -> #VALUE!
A3: =A4-1 -> 46220 | C3: =IFERROR(_xlfn.XLOOKUP(A3,$L$2:$L$31,$P$2:$P$31),0) -> 0 | L3: =IF('Заполняет конвертор НЕ ТРОГАТЬ!'!S4="", "", 'Заполняет конвертор НЕ ТРОГАТЬ!'!S4) | M3: =IF('Заполняет конвертор НЕ ТРОГАТЬ!'!T4="", "", 'Заполняет конвертор НЕ ТРОГАТЬ!'!T4) | N3: =IF('Заполняет конвертор НЕ ТРОГАТЬ!'!U4="", "", 'Заполняет конвертор НЕ ТРОГАТЬ!'!U4) | P3: =M3+N3 -> #VALUE!
A4: =A5-1 -> 46221 | C4: =IFERROR(_xlfn.XLOOKUP(A4,$L$2:$L$31,$P$2:$P$31),0) -> 0 | L4: =IF('Заполняет конвертор НЕ ТРОГАТЬ!'!S5="", "", 'Заполняет конвертор НЕ ТРОГАТЬ!'!S5) | M4: =IF('Заполняет конвертор НЕ ТРОГАТЬ!'!T5="", "", 'Заполняет конвертор НЕ ТРОГАТЬ!'!T5) | N4: =IF('Заполняет конвертор НЕ ТРОГАТЬ!'!U5="", "", 'Заполняет конвертор НЕ ТРОГАТЬ!'!U5) | P4: =M4+N4 -> #VALUE!
A5: =A6-1 -> 46222 | C5: =IFERROR(_xlfn.XLOOKUP(A5,$L$2:$L$31,$P$2:$P$31),0) -> 0 | L5: =IF('Заполняет конвертор НЕ ТРОГАТЬ!'!S6="", "", 'Заполняет конвертор НЕ ТРОГАТЬ!'!S6) | M5: =IF('Заполняет конвертор НЕ ТРОГАТЬ!'!T6="", "", 'Заполняет конвертор НЕ ТРОГАТЬ!'!T6) | N5: =IF('Заполняет конвертор НЕ ТРОГАТЬ!'!U6="", "", 'Заполняет конвертор НЕ ТРОГАТЬ!'!U6) | P5: =M5+N5 -> #VALUE!
A6: =A7-1 -> 46223 | C6: =IFERROR(_xlfn.XLOOKUP(A6,$L$2:$L$31,$P$2:$P$31),0) -> 0 | L6: =IF('Заполняет конвертор НЕ ТРОГАТЬ!'!S7="", "", 'Заполняет конвертор НЕ ТРОГАТЬ!'!S7) | M6: =IF('Заполняет конвертор НЕ ТРОГАТЬ!'!T7="", "", 'Заполняет конвертор НЕ ТРОГАТЬ!'!T7) | N6: =IF('Заполняет конвертор НЕ ТРОГАТЬ!'!U7="", "", 'Заполняет конвертор НЕ ТРОГАТЬ!'!U7) | P6: =M6+N6 -> #VALUE!
A7: =A8-1 -> 46224 | C7: =IFERROR(_xlfn.XLOOKUP(A7,$L$2:$L$31,$P$2:$P$31),0) -> 0 | L7: =IF('Заполняет конвертор НЕ ТРОГАТЬ!'!S8="", "", 'Заполняет конвертор НЕ ТРОГАТЬ!'!S8) | M7: =IF('Заполняет конвертор НЕ ТРОГАТЬ!'!T8="", "", 'Заполняет конвертор НЕ ТРОГАТЬ!'!T8) | N7: =IF('Заполняет конвертор НЕ ТРОГАТЬ!'!U8="", "", 'Заполняет конвертор НЕ ТРОГАТЬ!'!U8) | P7: =M7+N7 -> #VALUE!
A8: =A9-1 -> 46225 | C8: =IFERROR(_xlfn.XLOOKUP(A8,$L$2:$L$31,$P$2:$P$31),0) -> 0 | L8: =IF('Заполняет конвертор НЕ ТРОГАТЬ!'!S9="", "", 'Заполняет конвертор НЕ ТРОГАТЬ!'!S9) | M8: =IF('Заполняет конвертор НЕ ТРОГАТЬ!'!T9="", "", 'Заполняет конвертор НЕ ТРОГАТЬ!'!T9) | N8: =IF('Заполняет конвертор НЕ ТРОГАТЬ!'!U9="", "", 'Заполняет конвертор НЕ ТРОГАТЬ!'!U9) | P8: =M8+N8 -> #VALUE!
A9: =A10-1 -> 46226 | C9: =IFERROR(_xlfn.XLOOKUP(A9,$L$2:$L$31,$P$2:$P$31),0) -> 0 | L9: =IF('Заполняет конвертор НЕ ТРОГАТЬ!'!S10="", "", 'Заполняет конвертор НЕ ТРОГАТЬ!'!S10) | M9: =IF('Заполняет конвертор НЕ ТРОГАТЬ!'!T10="", "", 'Заполняет конвертор НЕ ТРОГАТЬ!'!T10) | N9: =IF('Заполняет конвертор НЕ ТРОГАТЬ!'!U10="", "", 'Заполняет конвертор НЕ ТРОГАТЬ!'!U10) | P9: =M9+N9 -> #VALUE!
A10: =A11-1 -> 46227 | C10: =IFERROR(_xlfn.XLOOKUP(A10,$L$2:$L$31,$P$2:$P$31),0) -> 0 | L10: =IF('Заполняет конвертор НЕ ТРОГАТЬ!'!S11="", "", 'Заполняет конвертор НЕ ТРОГАТЬ!'!S11) | M10: =IF('Заполняет конвертор НЕ ТРОГАТЬ!'!T11="", "", 'Заполняет конвертор НЕ ТРОГАТЬ!'!T11) | N10: =IF('Заполняет конвертор НЕ ТРОГАТЬ!'!U11="", "", 'Заполняет конвертор НЕ ТРОГАТЬ!'!U11) | P10: =M10+N10 -> #VALUE!
A11: =A12-1 -> 46228 | C11: =IFERROR(_xlfn.XLOOKUP(A11,$L$2:$L$31,$P$2:$P$31),0) -> 0 | L11: =IF('Заполняет конвертор НЕ ТРОГАТЬ!'!S12="", "", 'Заполняет конвертор НЕ ТРОГАТЬ!'!S12) | M11: =IF('Заполняет конвертор НЕ ТРОГАТЬ!'!T12="", "", 'Заполняет конвертор НЕ ТРОГАТЬ!'!T12) | N11: =IF('Заполняет конвертор НЕ ТРОГАТЬ!'!U12="", "", 'Заполняет конвертор НЕ ТРОГАТЬ!'!U12) | P11: =M11+N11 -> #VALUE!
A12: =A13-1 -> 46229 | C12: =IFERROR(_xlfn.XLOOKUP(A12,$L$2:$L$31,$P$2:$P$31),0) -> 0 | L12: =IF('Заполняет конвертор НЕ ТРОГАТЬ!'!S13="", "", 'Заполняет конвертор НЕ ТРОГАТЬ!'!S13) | M12: =IF('Заполняет конвертор НЕ ТРОГАТЬ!'!T13="", "", 'Заполняет конвертор НЕ ТРОГАТЬ!'!T13) | N12: =IF('Заполняет конвертор НЕ ТРОГАТЬ!'!U13="", "", 'Заполняет конвертор НЕ ТРОГАТЬ!'!U13) | P12: =M12+N12 -> #VALUE!
A13: =A14-1 -> 46230 | C13: =IFERROR(_xlfn.XLOOKUP(A13,$L$2:$L$31,$P$2:$P$31),0) -> 0 | L13: =IF('Заполняет конвертор НЕ ТРОГАТЬ!'!S14="", "", 'Заполняет конвертор НЕ ТРОГАТЬ!'!S14) | M13: =IF('Заполняет конвертор НЕ ТРОГАТЬ!'!T14="", "", 'Заполняет конвертор НЕ ТРОГАТЬ!'!T14) | N13: =IF('Заполняет конвертор НЕ ТРОГАТЬ!'!U14="", "", 'Заполняет конвертор НЕ ТРОГАТЬ!'!U14) | P13: =M13+N13 -> #VALUE!
... A31: =A32-1 -> 46248 | C31: =IFERROR(_xlfn.XLOOKUP(A31,$L$2:$L$31,$P$2:$P$31),0) -> 0 | L31: =IF('Заполняет конвертор НЕ ТРОГАТЬ!'!S32="", "", 'Заполняет конвертор НЕ ТРОГАТЬ!'!S32) | M31: =IF('Заполняет конвертор НЕ ТРОГАТЬ!'!T32="", "", 'Заполняет конвертор НЕ ТРОГАТЬ!'!T32) | N31: =IF('Заполняет конвертор НЕ ТРОГАТЬ!'!U32="", "", 'Заполняет конвертор НЕ ТРОГАТЬ!'!U32) | P31: =M31+N31 -> #VALUE!
A32: 46249 | C32: =IFERROR(_xlfn.XLOOKUP(A32,$L$2:$L$31,$P$2:$P$31),0) -> 0 | L32: =IF('Заполняет конвертор НЕ ТРОГАТЬ!'!S33="", "", 'Заполняет конвертор НЕ ТРОГАТЬ!'!S33) | M32: =IF('Заполняет конвертор НЕ ТРОГАТЬ!'!T33="", "", 'Заполняет конвертор НЕ ТРОГАТЬ!'!T33) | N32: =IF('Заполняет конвертор НЕ ТРОГАТЬ!'!U33="", "", 'Заполняет конвертор НЕ ТРОГАТЬ!'!U33) | P32: =M32+N32 -> #VALUE!
L33: =IF('Заполняет конвертор НЕ ТРОГАТЬ!'!S34="", "", 'Заполняет конвертор НЕ ТРОГАТЬ!'!S34) | M33: =IF('Заполняет конвертор НЕ ТРОГАТЬ!'!T34="", "", 'Заполняет конвертор НЕ ТРОГАТЬ!'!T34) | N33: =IF('Заполняет конвертор НЕ ТРОГАТЬ!'!U34="", "", 'Заполняет конвертор НЕ ТРОГАТЬ!'!U34) | P33: =M33+N33 -> #VALUE!
L34: =IF('Заполняет конвертор НЕ ТРОГАТЬ!'!S35="", "", 'Заполняет конвертор НЕ ТРОГАТЬ!'!S35) | M34: =IF('Заполняет конвертор НЕ ТРОГАТЬ!'!T35="", "", 'Заполняет конвертор НЕ ТРОГАТЬ!'!T35) | N34: =IF('Заполняет конвертор НЕ ТРОГАТЬ!'!U35="", "", 'Заполняет конвертор НЕ ТРОГАТЬ!'!U35) | P34: =M34+N34 -> #VALUE!
L35: =IF('Заполняет конвертор НЕ ТРОГАТЬ!'!S36="", "", 'Заполняет конвертор НЕ ТРОГАТЬ!'!S36) | M35: =IF('Заполняет конвертор НЕ ТРОГАТЬ!'!T36="", "", 'Заполняет конвертор НЕ ТРОГАТЬ!'!T36) | N35: =IF('Заполняет конвертор НЕ ТРОГАТЬ!'!U36="", "", 'Заполняет конвертор НЕ ТРОГАТЬ!'!U36) | P35: =M35+N35 -> #VALUE!
L36: =IF('Заполняет конвертор НЕ ТРОГАТЬ!'!S37="", "", 'Заполняет конвертор НЕ ТРОГАТЬ!'!S37) | M36: =IF('Заполняет конвертор НЕ ТРОГАТЬ!'!T37="", "", 'Заполняет конвертор НЕ ТРОГАТЬ!'!T37) | N36: =IF('Заполняет конвертор НЕ ТРОГАТЬ!'!U37="", "", 'Заполняет конвертор НЕ ТРОГАТЬ!'!U37) | P36: =M36+N36 -> #VALUE!
L37: =IF('Заполняет конвертор НЕ ТРОГАТЬ!'!S38="", "", 'Заполняет конвертор НЕ ТРОГАТЬ!'!S38) | M37: =IF('Заполняет конвертор НЕ ТРОГАТЬ!'!T38="", "", 'Заполняет конвертор НЕ ТРОГАТЬ!'!T38) | N37: =IF('Заполняет конвертор НЕ ТРОГАТЬ!'!U38="", "", 'Заполняет конвертор НЕ ТРОГАТЬ!'!U38) | P37: =M37+N37 -> #VALUE!
L38: =IF('Заполняет конвертор НЕ ТРОГАТЬ!'!S39="", "", 'Заполняет конвертор НЕ ТРОГАТЬ!'!S39) | M38: =IF('Заполняет конвертор НЕ ТРОГАТЬ!'!T39="", "", 'Заполняет конвертор НЕ ТРОГАТЬ!'!T39) | N38: =IF('Заполняет конвертор НЕ ТРОГАТЬ!'!U39="", "", 'Заполняет конвертор НЕ ТРОГАТЬ!'!U39) -> 2 | P38: =M38+N38 -> #VALUE!

Sheet Отклонения надоя
A1: Дата | B1: Голов | C1: Надой | D1: Отклонение от ср. недельного | E1: Отклонение %
A2: =A3-1 -> -11 | B2: ='Заполняет конвертор НЕ ТРОГАТЬ!'!S43 -> 46237 | C2: ='Заполняет конвертор НЕ ТРОГАТЬ!'!U43 -> 32.5 | D2: =C2-$C$14 -> 0.50833333 | E2: =D2/$C$14 -> 0.015889555
A3: =A4-1 -> -10 | B3: ='Заполняет конвертор НЕ ТРОГАТЬ!'!S44 -> 46238 | C3: ='Заполняет конвертор НЕ ТРОГАТЬ!'!U44 -> 32.8 | D3: =C3-$C$14 -> 0.80833333 | E3: =D3/$C$14 -> 0.025266997
A4: =A5-1 -> -9 | B4: ='Заполняет конвертор НЕ ТРОГАТЬ!'!S45 -> 46239 | C4: ='Заполняет конвертор НЕ ТРОГАТЬ!'!U45 -> 30.8 | D4: =C4-$C$14 -> -1.1916667 | E4: =D4/$C$14 -> -0.037249284
A5: =A6-1 -> -8 | B5: ='Заполняет конвертор НЕ ТРОГАТЬ!'!S46 -> 46240 | C5: ='Заполняет конвертор НЕ ТРОГАТЬ!'!U46 -> 33.1 | D5: =C5-$C$14 -> 1.1083333 | E5: =D5/$C$14 -> 0.034644439
A6: =A7-1 -> -7 | B6: ='Заполняет конвертор НЕ ТРОГАТЬ!'!S47 -> 46241 | C6: ='Заполняет конвертор НЕ ТРОГАТЬ!'!U47 -> 31.4 | D6: =C6-$C$14 -> -0.59166667 | E6: =D6/$C$14 -> -0.0184944
A7: =A8-1 -> -6 | B7: ='Заполняет конвертор НЕ ТРОГАТЬ!'!S48 -> 46242 | C7: ='Заполняет конвертор НЕ ТРОГАТЬ!'!U48 -> 31.5 | D7: =C7-$C$14 -> -0.49166667 | E7: =D7/$C$14 -> -0.015368586
A8: =A9-1 -> -5 | B8: ='Заполняет конвертор НЕ ТРОГАТЬ!'!S49 -> 46243 | C8: ='Заполняет конвертор НЕ ТРОГАТЬ!'!U49 -> 32 | D8: =C8-$C$14 -> 0.0083333333 | E8: =D8/$C$14 -> 0.0002604845
A9: =A10-1 -> -4 | B9: ='Заполняет конвертор НЕ ТРОГАТЬ!'!S50 -> 46244 | C9: ='Заполняет конвертор НЕ ТРОГАТЬ!'!U50 -> 31.8 | D9: =C9-$C$14 -> -0.19166667 | E9: =D9/$C$14 -> -0.0059911435
A10: =A11-1 -> -3 | B10: ='Заполняет конвертор НЕ ТРОГАТЬ!'!S51 -> 46245 | C10: ='Заполняет конвертор НЕ ТРОГАТЬ!'!U51 -> 32 | D10: =C10-$C$14 -> 0.0083333333 | E10: =D10/$C$14 -> 0.0002604845
A11: =A12-1 -> -2 | B11: ='Заполняет конвертор НЕ ТРОГАТЬ!'!S52 -> 46246 | C11: ='Заполняет конвертор НЕ ТРОГАТЬ!'!U52 -> 32 | D11: =C11-$C$14 -> 0.0083333333 | E11: =D11/$C$14 -> 0.0002604845
A12: =A13-1 -> -1 | B12: ='Заполняет конвертор НЕ ТРОГАТЬ!'!S53 -> 46247 | C12: ='Заполняет конвертор НЕ ТРОГАТЬ!'!U53 -> 31.6 | D12: =C12-$C$14 -> -0.39166667 | E12: =D12/$C$14 -> -0.012242772
A13: ='Заполняет конвертор НЕ ТРОГАТЬ!'!Z4 -> 0 | B13: ='Заполняет конвертор НЕ ТРОГАТЬ!'!S54 -> 46248 | C13: ='Заполняет конвертор НЕ ТРОГАТЬ!'!U54 -> 32.4 | D13: =C13-$C$14 -> 0.40833333 | E13: =D13/$C$14 -> 0.012763741
B14: Средненедельный надой | C14: =AVERAGEIF($C$2:$C$13,">0") -> 31.991667
A19: Ссылка на отчет в Арке

Sheet Сохранность молодняка
A1: Месяц рождения | B1: Рождено | C1: Живых | D1: %Сохранности
A2: =N4 -> 46082 | B2: =Q4 -> 294 | C2: =P4 -> 0 | D2: =IFERROR(C2/B2,) -> 0 | N2: ММГГ даты рождения | O2: Выбыла Живет
A3: =N5 -> 46113 | B3: =Q5 -> 205 | C3: =P5 -> 0 | D3: =IFERROR(C3/B3,) -> 0 | O3: 0 | P3: 1 | Q3: Итого
A4: =N6 -> 46143 | B4: =Q6 -> 292 | C4: =P6 -> 0 | D4: =IFERROR(C4/B4,) -> 0 | N4: 46082 | O4: ='Заполняет конвертор НЕ ТРОГАТЬ!'!T59 -> 294 | Q4: 294
A5: =N7 -> 46174 | B5: =Q7 -> 256 | C5: =P7 -> 0 | D5: =IFERROR(C5/B5,) -> 0 | N5: 46113 | O5: 205 | Q5: 205
A6: =N8 -> 46204 | B6: =Q8 -> 268 | C6: =P8 -> 0 | D6: =IFERROR(C6/B6,) -> 0 | N6: 46143 | O6: 292 | Q6: 292
A7: =N9 -> 46235 | B7: =Q9 -> 148 | C7: =P9 -> 15 | D7: =IFERROR(C7/B7,) -> 0.10135135 | N7: 46174 | O7: 256 | Q7: 256
A8: ИТОГО | B8: =SUM(B2:B7) -> 1463 | C8: =SUM(C2:C7) -> 15 | D8: =C8/B8 -> 0.010252905 | N8: 46204 | O8: 268 | Q8: 268
B9: B8 - формула | C9: С9 - формула | N9: 46235 | O9: 133 | P9: 15 | Q9: 148
B10: B2-B7 - заполнить | C10: С2-С8 - формула
A13: Ссылка на отчет в Арке

Sheet Дойных коров и валовый надой
B1: Дойных коров | C1: Всего | D1: Валовый надой сутки | F1: Ссылка на отчет в Арке | O1: СПРАВОЧНИК
A2: =N2 -> Август | B2: ='Заполняет конвертор НЕ ТРОГАТЬ!'!S68 -> 3990 | C2: ='Заполняет конвертор НЕ ТРОГАТЬ!'!T68 -> 31 | D2: ='Заполняет конвертор НЕ ТРОГАТЬ!'!T68*'Заполняет конвертор НЕ ТРОГАТЬ!'!S68 -> 123690 | L2: Сегодня: | M2: =TODAY() -> 46253 | N2: =VLOOKUP(MONTH($M$2),O2:P25,2,0) -> Август | O2: 1 | P2: Январь
A3: =N3 -> Сентябрь | B3: ='Заполняет конвертор НЕ ТРОГАТЬ!'!S69 -> 4032 | C3: ='Заполняет конвертор НЕ ТРОГАТЬ!'!T69 -> 32 | D3: ='Заполняет конвертор НЕ ТРОГАТЬ!'!T69*'Заполняет конвертор НЕ ТРОГАТЬ!'!S69 -> 129024 | N3: =VLOOKUP(MONTH($M$2)+1,O2:P25,2,0) -> Сентябрь | O3: 2 | P3: Февраль
A4: =N4 -> Октябрь | B4: ='Заполняет конвертор НЕ ТРОГАТЬ!'!S70 -> 4017 | C4: ='Заполняет конвертор НЕ ТРОГАТЬ!'!T70 -> 31 | D4: ='Заполняет конвертор НЕ ТРОГАТЬ!'!T70*'Заполняет конвертор НЕ ТРОГАТЬ!'!S70 -> 124527 | N4: =VLOOKUP(MONTH($M$2)+2,O2:P25,2,0) -> Октябрь | O4: 3 | P4: Март
A5: =N5 -> Ноябрь | B5: ='Заполняет конвертор НЕ ТРОГАТЬ!'!S71 -> 3989 | C5: ='Заполняет конвертор НЕ ТРОГАТЬ!'!T71 -> 31 | D5: ='Заполняет конвертор НЕ ТРОГАТЬ!'!T71*'Заполняет конвертор НЕ ТРОГАТЬ!'!S71 -> 123659 | N5: =VLOOKUP(MONTH($M$2)+3,O2:P25,2,0) -> Ноябрь | O5: 4 | P5: Апрель
A6: =N6 -> Декабрь | B6: ='Заполняет конвертор НЕ ТРОГАТЬ!'!S72 -> 3886 | C6: ='Заполняет конвертор НЕ ТРОГАТЬ!'!T72 -> 31 | D6: ='Заполняет конвертор НЕ ТРОГАТЬ!'!T72*'Заполняет конвертор НЕ ТРОГАТЬ!'!S72 -> 120466 | N6: =VLOOKUP(MONTH($M$2)+4,O2:P25,2,0) -> Декабрь | O6: 5 | P6: Май
A7: =N7 -> Январь | B7: ='Заполняет конвертор НЕ ТРОГАТЬ!'!S73 -> 3714 | C7: ='Заполняет конвертор НЕ ТРОГАТЬ!'!T73 -> 31 | D7: ='Заполняет конвертор НЕ ТРОГАТЬ!'!T73*'Заполняет конвертор НЕ ТРОГАТЬ!'!S73 -> 115134 | N7: =VLOOKUP(MONTH($M$2)+5,O2:P25,2,0) -> Январь | O7: 6 | P7: Июнь
A8: =N8 -> Февраль | B8: ='Заполняет конвертор НЕ ТРОГАТЬ!'!S74 -> 3634 | C8: ='Заполняет конвертор НЕ ТРОГАТЬ!'!T74 -> 31 | D8: ='Заполняет конвертор НЕ ТРОГАТЬ!'!T74*'Заполняет конвертор НЕ ТРОГАТЬ!'!S74 -> 112654 | N8: =VLOOKUP(MONTH($M$2)+6,O2:P25,2,0) -> Февраль | O8: 7 | P8: Июль
A9: =N9 -> Март | B9: ='Заполняет конвертор НЕ ТРОГАТЬ!'!S75 -> 3315 | C9: ='Заполняет конвертор НЕ ТРОГАТЬ!'!T75 -> 32 | D9: ='Заполняет конвертор НЕ ТРОГАТЬ!'!T75*'Заполняет конвертор НЕ ТРОГАТЬ!'!S75 -> 106080 | N9: =VLOOKUP(MONTH($M$2)+7,O2:P25,2,0) -> Март | O9: 8 | P9: Август
A10: =N10 -> Апрель | B10: ='Заполняет конвертор НЕ ТРОГАТЬ!'!S76 -> 3234 | C10: ='Заполняет конвертор НЕ ТРОГАТЬ!'!T76 -> 32 | D10: ='Заполняет конвертор НЕ ТРОГАТЬ!'!T76*'Заполняет конвертор НЕ ТРОГАТЬ!'!S76 -> 103488 | N10: =VLOOKUP(MONTH($M$2)+8,O2:P25,2,0) -> Апрель | O10: 9 | P10: Сентябрь
A11: =N11 -> Май | B11: ='Заполняет конвертор НЕ ТРОГАТЬ!'!S77 -> 3121 | C11: ='Заполняет конвертор НЕ ТРОГАТЬ!'!T77 -> 32 | D11: ='Заполняет конвертор НЕ ТРОГАТЬ!'!T77*'Заполняет конвертор НЕ ТРОГАТЬ!'!S77 -> 99872 | N11: =VLOOKUP(MONTH($M$2)+9,O2:P25,2,0) -> Май | O11: 10 | P11: Октябрь
A12: =N12 -> Июнь | B12: ='Заполняет конвертор НЕ ТРОГАТЬ!'!S78 -> 2948 | C12: ='Заполняет конвертор НЕ ТРОГАТЬ!'!T78 -> 31 | D12: ='Заполняет конвертор НЕ ТРОГАТЬ!'!T78*'Заполняет конвертор НЕ ТРОГАТЬ!'!S78 -> 91388 | N12: =VLOOKUP(MONTH($M$2)+10,O3:P25,2,0) -> Июнь | O12: 11 | P12: Ноябрь
A13: =N13 -> Июль | B13: ='Заполняет конвертор НЕ ТРОГАТЬ!'!S79 -> 2734 | C13: ='Заполняет конвертор НЕ ТРОГАТЬ!'!T79 -> 33 | D13: ='Заполняет конвертор НЕ ТРОГАТЬ!'!T79*'Заполняет конвертор НЕ ТРОГАТЬ!'!S79 -> 90222 | N13: =VLOOKUP(MONTH($M$2)+11,O2:P25,2,0) -> Июль | O13: 12 | P13: Декабрь
O14: 13 | P14: Январь
O15: 14 | P15: Февраль
O16: 15 | P16: Март
O17: 16 | P17: Апрель
O18: 17 | P18: Май
O19: 18 | P19: Июнь
O20: 19 | P20: Июль
O21: 20 | P21: Август
O22: 21 | P22: Сентябрь
O23: 22 | P23: Октябрь
O24: 23 | P24: Ноябрь
O25: 24 | P25: Декабрь

Sheet PregRate
A1: Дата | B1: PR | C1: HDR
A2: 44603 | B2: 12 | C2: 12
A3: 44624 | B3: 16 | C3: 16
A4: 44645 | B4: 28 | C4: 28
A5: 44666 | B5: 39 | C5: 41
A6: 44687 | B6: 31 | C6: 32
A7: 44708 | B7: 10 | C7: 11
A8: 44729 | B8: 43 | C8: 45
A9: 44750 | B9: 19 | C9: 23
A10: 44771 | B10: 25 | C10: 31
A11: 44792 | B11: 24 | C11: 29
A12: 44813 | B12: 7 | C12: 14
A13: 44834 | B13: 18 | C13: 25
... A19: 44960 | B19: 0 | C19: 26
A20: Всего | B20: 16 | C20: 24
A22: Bredsum\e
A23: Дата | B23: Ох Приг | C23: Охот | D23: HDR | E23: Ст Приг | F23: Стел | G23: PR | H23: Аборты
A24: 44603 | B24: 42 | C24: 5 | D24: 12 | E24: 42 | F24: 5 | G24: 12 | H24: 0
A25: 44624 | B25: 56 | C25: 9 | D25: 16 | E25: 56 | F25: 9 | G25: 16 | H25: 0
A26: 44645 | B26: 58 | C26: 16 | D26: 28 | E26: 58 | F26: 16 | G26: 28 | H26: 0
A27: 44666 | B27: 61 | C27: 25 | D27: 41 | E27: 61 | F27: 24 | G27: 39 | H27: 0
A28: 44687 | B28: 59 | C28: 19 | D28: 32 | E28: 58 | F28: 18 | G28: 31 | H28: 0
A29: 44708 | B29: 80 | C29: 9 | D29: 11 | E29: 80 | F29: 8 | G29: 10 | H29: 0
A30: 44729 | B30: 105 | C30: 47 | D30: 45 | E30: 104 | F30: 45 | G30: 43 | H30: 1
A31: 44750 | B31: 115 | C31: 26 | D31: 23 | E31: 114 | F31: 22 | G31: 19 | H31: 0
A32: 44771 | B32: 164 | C32: 51 | D32: 31 | E32: 163 | F32: 40 | G32: 25 | H32: 1
A33: 44792 | B33: 165 | C33: 48 | D33: 29 | E33: 165 | F33: 39 | G33: 24 | H33: 1
A34: 44813 | B34: 176 | C34: 24 | D34: 14 | E34: 174 | F34: 13 | G34: 7 | H34: 0
A35: 44834 | B35: 212 | C35: 52 | D35: 25 | E35: 209 | F35: 38 | G35: 18 | H35: 0
... A41: 44960 | B41: 204 | C41: 54 | D41: 26 | E41: 0 | F41: 0 | G41: 0 | H41: 0
A42: Всего | B42: 2279 | C42: 554 | D42: 24 | E42: 2233 | F42: 366 | G42: 16 | H42: 4

Sheet CR%
A1: Месяц | B1: %Стел
A2: =EOMONTH(TODAY(),-15)+1 -> 45809 | B2: 0
A3: =EOMONTH(TODAY(),-14)+1 -> 45839 | B3: 0
A4: =EOMONTH(TODAY(),-13)+1 -> 45870 | B4: 100
A5: =EOMONTH(TODAY(),-12)+1 -> 45901 | B5: 100
A6: =EOMONTH(TODAY(),-11)+1 -> 45931 | B6: 97
A7: =EOMONTH(TODAY(),-10)+1 -> 45962 | B7: 100
A8: =EOMONTH(TODAY(),-9)+1 -> 45992 | B8: 97
A9: =EOMONTH(TODAY(),-8)+1 -> 46023 | B9: 92
A10: =EOMONTH(TODAY(),-7)+1 -> 46054 | B10: 82
A11: =EOMONTH(TODAY(),-6)+1 -> 46082 | B11: 68
A12: =EOMONTH(TODAY(),-5)+1 -> 46113 | B12: 68
A13: =EOMONTH(TODAY(),-4)+1 -> 46143 | B13: 47
A14: =EOMONTH(TODAY(),-3)+1 -> 46174 | B14: 36
A17: Bredsum\c

Sheet CR% Week
A1: Дата | B1: %Стел
A2: =A3-7 -> 44646 | B2: 100
A3: =A4-7 -> 44653 | B3: 100
A4: =A5-7 -> 44660 | B4: 100
A5: =A6-7 -> 44667 | B5: 100
A6: =A7-7 -> 44674 | B6: 100
A7: =A8-7 -> 44681 | B7: 100
A8: =A9-7 -> 44688 | B8: 100
A9: =A10-7 -> 44695 | B9: 100
A10: =A11-7 -> 44702 | B10: 100
A11: =A12-7 -> 44709 | B11: 100
A12: =A13-7 -> 44716 | B12: 100
A13: =A14-7 -> 44723 | B13: 100
... A36: =A37-7 -> 44884 | B36: 47
A37: =A38-7 -> 44891 | B37: 42 | C37: ...
A38: =A39-7 -> 44898 | B38: 38 | C38: -7
A39: =A40-7 -> 44905 | B39: 27 | C39: -7
A40: =A41-7 -> 44912 | B40: 42 | C40: -7
A41: 44919 | B41: 0 | C41: последняя закрытая неделя | E41: вставить дату только в ячейку А41
C42: BREDSUM\R
A45: НЕ ВВОДИТЕ ЗНАЧЕНИЯ В СТОЛБЕЦ A, окромя ячейки A41

Sheet CR% по схеме ИО и месяцу
A1: Процент | B1: Всего | C1: Uncoded | D1: ДаблОвсинк | E1: Овсинк | F1: Охота | G1: Ресинк
A2: =EOMONTH(TODAY(),-6)+1 -> 46082 | B2: 69 | C2: 80
A3: =EOMONTH(TODAY(),-5)+1 -> 46113 | B3: 70 | C3: 72 | F3: 68
A4: =EOMONTH(TODAY(),-4)+1 -> 46143 | B4: 48 | C4: 48 | F4: 47
A5: =EOMONTH(TODAY(),-3)+1 -> 46174 | B5: 35 | C5: 25 | F5: 36
A9: BREDSUM\XCO

Sheet CR% по технику и месяцу
A1: Процент | B1: Всего | C1: Другие | D1: Янцон | E1: Сабиров
A2: август | B2: 85 | C2: 88
A3: сентябрь | B3: 69 | C3: 73
A4: октябрь | B4: 71 | C4: 75 | D4: 33 | E4: 17
A5: ноябрь | B5: 48 | C5: 56 | D5: 35 | E5: 35
A6: декабрь | B6: 36 | C6: 25 | D6: 33 | E6: 44
A13: BREDSUM\XCT

Sheet Поголовье и Вал
B1: Поголовье | C1: Всего | D1: Вал | E1: Ссылка на отчет в Арке
A2: ='Дойных коров и валовый надой'!A2 -> Август | B2: ='Заполняет конвертор НЕ ТРОГАТЬ!'!X68 -> 4871 | C2: ='Заполняет конвертор НЕ ТРОГАТЬ!'!T68 -> 31 | D2: ='Дойных коров и валовый надой'!D2 -> 123690
A3: ='Дойных коров и валовый надой'!A3 -> Сентябрь | B3: ='Заполняет конвертор НЕ ТРОГАТЬ!'!X69 -> 5032 | C3: ='Заполняет конвертор НЕ ТРОГАТЬ!'!T69 -> 32 | D3: ='Дойных коров и валовый надой'!D3 -> 129024
A4: ='Дойных коров и валовый надой'!A4 -> Октябрь | B4: ='Заполняет конвертор НЕ ТРОГАТЬ!'!X70 -> 5244 | C4: ='Заполняет конвертор НЕ ТРОГАТЬ!'!T70 -> 31 | D4: ='Дойных коров и валовый надой'!D4 -> 124527
A5: ='Дойных коров и валовый надой'!A5 -> Ноябрь | B5: ='Заполняет конвертор НЕ ТРОГАТЬ!'!X71 -> 5454 | C5: ='Заполняет конвертор НЕ ТРОГАТЬ!'!T71 -> 31 | D5: ='Дойных коров и валовый надой'!D5 -> 123659
A6: ='Дойных коров и валовый надой'!A6 -> Декабрь | B6: ='Заполняет конвертор НЕ ТРОГАТЬ!'!X72 -> 5559 | C6: ='Заполняет конвертор НЕ ТРОГАТЬ!'!T72 -> 31 | D6: ='Дойных коров и валовый надой'!D6 -> 120466
A7: ='Дойных коров и валовый надой'!A7 -> Январь | B7: ='Заполняет конвертор НЕ ТРОГАТЬ!'!X73 -> 5650 | C7: ='Заполняет конвертор НЕ ТРОГАТЬ!'!T73 -> 31 | D7: ='Дойных коров и валовый надой'!D7 -> 115134
A8: ='Дойных коров и валовый надой'!A8 -> Февраль | B8: ='Заполняет конвертор НЕ ТРОГАТЬ!'!X74 -> 5771 | C8: ='Заполняет конвертор НЕ ТРОГАТЬ!'!T74 -> 31 | D8: ='Дойных коров и валовый надой'!D8 -> 112654
A9: ='Дойных коров и валовый надой'!A9 -> Март | B9: ='Заполняет конвертор НЕ ТРОГАТЬ!'!X75 -> 5837 | C9: ='Заполняет конвертор НЕ ТРОГАТЬ!'!T75 -> 32 | D9: ='Дойных коров и валовый надой'!D9 -> 106080
A10: ='Дойных коров и валовый надой'!A10 -> Апрель | B10: ='Заполняет конвертор НЕ ТРОГАТЬ!'!X76 -> 5998 | C10: ='Заполняет конвертор НЕ ТРОГАТЬ!'!T76 -> 32 | D10: ='Дойных коров и валовый надой'!D10 -> 103488
A11: ='Дойных коров и валовый надой'!A11 -> Май | B11: ='Заполняет конвертор НЕ ТРОГАТЬ!'!X77 -> 6119 | C11: ='Заполняет конвертор НЕ ТРОГАТЬ!'!T77 -> 32 | D11: ='Дойных коров и валовый надой'!D11 -> 99872
A12: ='Дойных коров и валовый надой'!A12 -> Июнь | B12: ='Заполняет конвертор НЕ ТРОГАТЬ!'!X78 -> 6242 | C12: ='Заполняет конвертор НЕ ТРОГАТЬ!'!T78 -> 31 | D12: ='Дойных коров и валовый надой'!D12 -> 91388
A13: ='Дойных коров и валовый надой'!A13 -> Июль | B13: ='Заполняет конвертор НЕ ТРОГАТЬ!'!X79 -> 6366 | C13: ='Заполняет конвертор НЕ ТРОГАТЬ!'!T79 -> 33 | D13: ='Дойных коров и валовый надой'!D13 -> 90222

Sheet Прогноз поголовья Delpro
B1: Дойных | C1: Запуск | D1: Фураж
A2: июнь | B2: 631 | C2: 0 | D2: =B2+C2 -> 631
A3: Отел+ | B3: 0 | C3: 0
A4: Запуск+ | B4: 0 | C4: 0
A5: выбрак | B5: =D5 -> 16.406 | D5: =D2*0.026 -> 16.406
A6: июль | B6: 631 | C6: =C2-C3+C4 -> 0 | D6: =C6+B6 -> 631
A7: Отел | B7: 3 | C7: 3
A8: Запуск | B8: 32 | C8: 32
A9: выбрак | B9: =D9 -> 16.406 | D9: =D6*0.026 -> 16.406
A10: август | B10: =B6+B7-B8-B9 -> 585.594 | C10: =C6-C7+C8 -> 29 | D10: =C10+B10 -> 614.594
A11: Отел | B11: 1 | C11: 1
A12: Запуск | B12: 67 | C12: 67
A13: выбрак | B13: =D13 -> 15.979444 | D13: =D10*0.026 -> 15.979444
A14: сентябрь | B14: =B10+B11-B12-B13 -> 503.61456 | C14: =C10-C11+C12 -> 95 | D14: =C14+B14 -> 598.61456
A15: Отел | B15: 46 | C15: 46
A16: Запуск | B16: 39 | C16: 39
A17: выбрак | B17: =D17 -> 15.563978 | D17: =D14*0.026 -> 15.563978
A18: Октябрь | B18: =B14+B15-B16-B17 -> 495.05058 | C18: =C14-C15+C16 -> 88 | D18: =C18+B18 -> 583.05058
A19: Отел | B19: 88 | C19: 88
A20: Запуск | B20: 0 | C20: 0
A21: выбрак | B21: =D21 -> 15.159315 | D21: =D18*0.026 -> 15.159315
A22: Ноябрь | B22: =B18+B19-B20-B21 -> 567.89126 | C22: =C18-C19+C20 -> 0 | D22: =C22+B22 -> 567.89126
A23: Отел | B23: 53 | C23: 53
A24: Запуск | B24: 0 | C24: 0
A25: выбрак | B25: =D25 -> 14.765173 | D25: =D22*0.026 -> 14.765173
A26: Декабрь | B26: =B22+B23-B24-B25 -> 606.12609 | C26: =C22-C23+C24 -> -53 | D26: =C26+B26 -> 553.12609
A27: Отел | B27: 3 | C27: 3
A28: Запуск | B28: 0 | C28: 0
A29: выбрак | B29: =D29 -> 14.381278 | D29: =D26*0.026 -> 14.381278
A30: январь | B30: =B26+B27-B28-B29 -> 594.74481 | C30: =C26-C27+C28 -> -56 | D30: =C30+B30 -> 538.74481
A31: Отел | B31: 0 | C31: 0
A32: Запуск | B32: 0 | C32: 0
A33: выбрак | B33: 19 | D33: 19

Sheet Список пропущеных животных  с И
A1: Номер животного | B1: Дни в доении | C1: № Лактации | D1: Репро-статус | E1: Номер животного | F1: Дни в доении | G1: № Лактации | H1: Репро-статус | J1: Ссылка на отчет в Арке
A2: =IF('Заполняет конвертор НЕ ТРОГАТЬ!'!A144="", "", 'Заполняет конвертор НЕ ТРОГАТЬ!'!A144) -> 1 | B2: =IF('Заполняет конвертор НЕ ТРОГАТЬ!'!B144="", "", 'Заполняет конвертор НЕ ТРОГАТЬ!'!B144) -> 2 | C2: =IF('Заполняет конвертор НЕ ТРОГАТЬ!'!C144="", "", 'Заполняет конвертор НЕ ТРОГАТЬ!'!C144) -> 3 | D2: =IF('Заполняет конвертор НЕ ТРОГАТЬ!'!D144="", "", 'Заполняет конвертор НЕ ТРОГАТЬ!'!D144) -> 4 | E2: =IF('Заполняет конвертор НЕ ТРОГАТЬ!'!E144="", "", 'Заполняет конвертор НЕ ТРОГАТЬ!'!E144) -> 5 | F2: =IF('Заполняет конвертор НЕ ТРОГАТЬ!'!F144="", "", 'Заполняет конвертор НЕ ТРОГАТЬ!'!F144) -> 6 | G2: =IF('Заполняет конвертор НЕ ТРОГАТЬ!'!G144="", "", 'Заполняет конвертор НЕ ТРОГАТЬ!'!G144) -> 7 | H2: =IF('Заполняет конвертор НЕ ТРОГАТЬ!'!H144="", "", 'Заполняет конвертор НЕ ТРОГАТЬ!'!H144) -> 8
A3: =IF('Заполняет конвертор НЕ ТРОГАТЬ!'!A145="", "", 'Заполняет конвертор НЕ ТРОГАТЬ!'!A145) | B3: =IF('Заполняет конвертор НЕ ТРОГАТЬ!'!B145="", "", 'Заполняет конвертор НЕ ТРОГАТЬ!'!B145) | C3: =IF('Заполняет конвертор НЕ ТРОГАТЬ!'!C145="", "", 'Заполняет конвертор НЕ ТРОГАТЬ!'!C145) | D3: =IF('Заполняет конвертор НЕ ТРОГАТЬ!'!D145="", "", 'Заполняет конвертор НЕ ТРОГАТЬ!'!D145) | E3: =IF('Заполняет конвертор НЕ ТРОГАТЬ!'!E145="", "", 'Заполняет конвертор НЕ ТРОГАТЬ!'!E145) | F3: =IF('Заполняет конвертор НЕ ТРОГАТЬ!'!F145="", "", 'Заполняет конвертор НЕ ТРОГАТЬ!'!F145) | G3: =IF('Заполняет конвертор НЕ ТРОГАТЬ!'!G145="", "", 'Заполняет конвертор НЕ ТРОГАТЬ!'!G145) | H3: =IF('Заполняет конвертор НЕ ТРОГАТЬ!'!H145="", "", 'Заполняет конвертор НЕ ТРОГАТЬ!'!H145)
A4: =IF('Заполняет конвертор НЕ ТРОГАТЬ!'!A146="", "", 'Заполняет конвертор НЕ ТРОГАТЬ!'!A146) | B4: =IF('Заполняет конвертор НЕ ТРОГАТЬ!'!B146="", "", 'Заполняет конвертор НЕ ТРОГАТЬ!'!B146) | C4: =IF('Заполняет конвертор НЕ ТРОГАТЬ!'!C146="", "", 'Заполняет конвертор НЕ ТРОГАТЬ!'!C146) | D4: =IF('Заполняет конвертор НЕ ТРОГАТЬ!'!D146="", "", 'Заполняет конвертор НЕ ТРОГАТЬ!'!D146) | E4: =IF('Заполняет конвертор НЕ ТРОГАТЬ!'!E146="", "", 'Заполняет конвертор НЕ ТРОГАТЬ!'!E146) | F4: =IF('Заполняет конвертор НЕ ТРОГАТЬ!'!F146="", "", 'Заполняет конвертор НЕ ТРОГАТЬ!'!F146) | G4: =IF('Заполняет конвертор НЕ ТРОГАТЬ!'!G146="", "", 'Заполняет конвертор НЕ ТРОГАТЬ!'!G146) | H4: =IF('Заполняет конвертор НЕ ТРОГАТЬ!'!H146="", "", 'Заполняет конвертор НЕ ТРОГАТЬ!'!H146) | J4: Внизу подписать Итого:
A5: =IF('Заполняет конвертор НЕ ТРОГАТЬ!'!A147="", "", 'Заполняет конвертор НЕ ТРОГАТЬ!'!A147) | B5: =IF('Заполняет конвертор НЕ ТРОГАТЬ!'!B147="", "", 'Заполняет конвертор НЕ ТРОГАТЬ!'!B147) | C5: =IF('Заполняет конвертор НЕ ТРОГАТЬ!'!C147="", "", 'Заполняет конвертор НЕ ТРОГАТЬ!'!C147) | D5: =IF('Заполняет конвертор НЕ ТРОГАТЬ!'!D147="", "", 'Заполняет конвертор НЕ ТРОГАТЬ!'!D147) | E5: =IF('Заполняет конвертор НЕ ТРОГАТЬ!'!E147="", "", 'Заполняет конвертор НЕ ТРОГАТЬ!'!E147) | F5: =IF('Заполняет конвертор НЕ ТРОГАТЬ!'!F147="", "", 'Заполняет конвертор НЕ ТРОГАТЬ!'!F147) | G5: =IF('Заполняет конвертор НЕ ТРОГАТЬ!'!G147="", "", 'Заполняет конвертор НЕ ТРОГАТЬ!'!G147) | H5: =IF('Заполняет конвертор НЕ ТРОГАТЬ!'!H147="", "", 'Заполняет конвертор НЕ ТРОГАТЬ!'!H147)
A6: =IF('Заполняет конвертор НЕ ТРОГАТЬ!'!A148="", "", 'Заполняет конвертор НЕ ТРОГАТЬ!'!A148) | B6: =IF('Заполняет конвертор НЕ ТРОГАТЬ!'!B148="", "", 'Заполняет конвертор НЕ ТРОГАТЬ!'!B148) | C6: =IF('Заполняет конвертор НЕ ТРОГАТЬ!'!C148="", "", 'Заполняет конвертор НЕ ТРОГАТЬ!'!C148) | D6: =IF('Заполняет конвертор НЕ ТРОГАТЬ!'!D148="", "", 'Заполняет конвертор НЕ ТРОГАТЬ!'!D148) | E6: =IF('Заполняет конвертор НЕ ТРОГАТЬ!'!E148="", "", 'Заполняет конвертор НЕ ТРОГАТЬ!'!E148) | F6: =IF('Заполняет конвертор НЕ ТРОГАТЬ!'!F148="", "", 'Заполняет конвертор НЕ ТРОГАТЬ!'!F148) | G6: =IF('Заполняет конвертор НЕ ТРОГАТЬ!'!G148="", "", 'Заполняет конвертор НЕ ТРОГАТЬ!'!G148) | H6: =IF('Заполняет конвертор НЕ ТРОГАТЬ!'!H148="", "", 'Заполняет конвертор НЕ ТРОГАТЬ!'!H148)
A7: =IF('Заполняет конвертор НЕ ТРОГАТЬ!'!A149="", "", 'Заполняет конвертор НЕ ТРОГАТЬ!'!A149) | B7: =IF('Заполняет конвертор НЕ ТРОГАТЬ!'!B149="", "", 'Заполняет конвертор НЕ ТРОГАТЬ!'!B149) | C7: =IF('Заполняет конвертор НЕ ТРОГАТЬ!'!C149="", "", 'Заполняет конвертор НЕ ТРОГАТЬ!'!C149) | D7: =IF('Заполняет конвертор НЕ ТРОГАТЬ!'!D149="", "", 'Заполняет конвертор НЕ ТРОГАТЬ!'!D149) | E7: =IF('Заполняет конвертор НЕ ТРОГАТЬ!'!E149="", "", 'Заполняет конвертор НЕ ТРОГАТЬ!'!E149) | F7: =IF('Заполняет конвертор НЕ ТРОГАТЬ!'!F149="", "", 'Заполняет конвертор НЕ ТРОГАТЬ!'!F149) | G7: =IF('Заполняет конвертор НЕ ТРОГАТЬ!'!G149="", "", 'Заполняет конвертор НЕ ТРОГАТЬ!'!G149) | H7: =IF('Заполняет конвертор НЕ ТРОГАТЬ!'!H149="", "", 'Заполняет конвертор НЕ ТРОГАТЬ!'!H149)
A8: =IF('Заполняет конвертор НЕ ТРОГАТЬ!'!A150="", "", 'Заполняет конвертор НЕ ТРОГАТЬ!'!A150) | B8: =IF('Заполняет конвертор НЕ ТРОГАТЬ!'!B150="", "", 'Заполняет конвертор НЕ ТРОГАТЬ!'!B150) | C8: =IF('Заполняет конвертор НЕ ТРОГАТЬ!'!C150="", "", 'Заполняет конвертор НЕ ТРОГАТЬ!'!C150) | D8: =IF('Заполняет конвертор НЕ ТРОГАТЬ!'!D150="", "", 'Заполняет конвертор НЕ ТРОГАТЬ!'!D150) | E8: =IF('Заполняет конвертор НЕ ТРОГАТЬ!'!E150="", "", 'Заполняет конвертор НЕ ТРОГАТЬ!'!E150) | F8: =IF('Заполняет конвертор НЕ ТРОГАТЬ!'!F150="", "", 'Заполняет конвертор НЕ ТРОГАТЬ!'!F150) | G8: =IF('Заполняет конвертор НЕ ТРОГАТЬ!'!G150="", "", 'Заполняет конвертор НЕ ТРОГАТЬ!'!G150) | H8: =IF('Заполняет конвертор НЕ ТРОГАТЬ!'!H150="", "", 'Заполняет конвертор НЕ ТРОГАТЬ!'!H150)
A9: =IF('Заполняет конвертор НЕ ТРОГАТЬ!'!A151="", "", 'Заполняет конвертор НЕ ТРОГАТЬ!'!A151) | B9: =IF('Заполняет конвертор НЕ ТРОГАТЬ!'!B151="", "", 'Заполняет конвертор НЕ ТРОГАТЬ!'!B151) | C9: =IF('Заполняет конвертор НЕ ТРОГАТЬ!'!C151="", "", 'Заполняет конвертор НЕ ТРОГАТЬ!'!C151) | D9: =IF('Заполняет конвертор НЕ ТРОГАТЬ!'!D151="", "", 'Заполняет конвертор НЕ ТРОГАТЬ!'!D151) | E9: =IF('Заполняет конвертор НЕ ТРОГАТЬ!'!E151="", "", 'Заполняет конвертор НЕ ТРОГАТЬ!'!E151) | F9: =IF('Заполняет конвертор НЕ ТРОГАТЬ!'!F151="", "", 'Заполняет конвертор НЕ ТРОГАТЬ!'!F151) | G9: =IF('Заполняет конвертор НЕ ТРОГАТЬ!'!G151="", "", 'Заполняет конвертор НЕ ТРОГАТЬ!'!G151) | H9: =IF('Заполняет конвертор НЕ ТРОГАТЬ!'!H151="", "", 'Заполняет конвертор НЕ ТРОГАТЬ!'!H151)
A10: =IF('Заполняет конвертор НЕ ТРОГАТЬ!'!A152="", "", 'Заполняет конвертор НЕ ТРОГАТЬ!'!A152) | B10: =IF('Заполняет конвертор НЕ ТРОГАТЬ!'!B152="", "", 'Заполняет конвертор НЕ ТРОГАТЬ!'!B152) | C10: =IF('Заполняет конвертор НЕ ТРОГАТЬ!'!C152="", "", 'Заполняет конвертор НЕ ТРОГАТЬ!'!C152) | D10: =IF('Заполняет конвертор НЕ ТРОГАТЬ!'!D152="", "", 'Заполняет конвертор НЕ ТРОГАТЬ!'!D152) | E10: =IF('Заполняет конвертор НЕ ТРОГАТЬ!'!E152="", "", 'Заполняет конвертор НЕ ТРОГАТЬ!'!E152) | F10: =IF('Заполняет конвертор НЕ ТРОГАТЬ!'!F152="", "", 'Заполняет конвертор НЕ ТРОГАТЬ!'!F152) | G10: =IF('Заполняет конвертор НЕ ТРОГАТЬ!'!G152="", "", 'Заполняет конвертор НЕ ТРОГАТЬ!'!G152) | H10: =IF('Заполняет конвертор НЕ ТРОГАТЬ!'!H152="", "", 'Заполняет конвертор НЕ ТРОГАТЬ!'!H152)
A11: =IF('Заполняет конвертор НЕ ТРОГАТЬ!'!A153="", "", 'Заполняет конвертор НЕ ТРОГАТЬ!'!A153) | B11: =IF('Заполняет конвертор НЕ ТРОГАТЬ!'!B153="", "", 'Заполняет конвертор НЕ ТРОГАТЬ!'!B153) | C11: =IF('Заполняет конвертор НЕ ТРОГАТЬ!'!C153="", "", 'Заполняет конвертор НЕ ТРОГАТЬ!'!C153) | D11: =IF('Заполняет конвертор НЕ ТРОГАТЬ!'!D153="", "", 'Заполняет конвертор НЕ ТРОГАТЬ!'!D153) | E11: =IF('Заполняет конвертор НЕ ТРОГАТЬ!'!E153="", "", 'Заполняет конвертор НЕ ТРОГАТЬ!'!E153) | F11: =IF('Заполняет конвертор НЕ ТРОГАТЬ!'!F153="", "", 'Заполняет конвертор НЕ ТРОГАТЬ!'!F153) | G11: =IF('Заполняет конвертор НЕ ТРОГАТЬ!'!G153="", "", 'Заполняет конвертор НЕ ТРОГАТЬ!'!G153) | H11: =IF('Заполняет конвертор НЕ ТРОГАТЬ!'!H153="", "", 'Заполняет конвертор НЕ ТРОГАТЬ!'!H153)
A12: =IF('Заполняет конвертор НЕ ТРОГАТЬ!'!A154="", "", 'Заполняет конвертор НЕ ТРОГАТЬ!'!A154) | B12: =IF('Заполняет конвертор НЕ ТРОГАТЬ!'!B154="", "", 'Заполняет конвертор НЕ ТРОГАТЬ!'!B154) | C12: =IF('Заполняет конвертор НЕ ТРОГАТЬ!'!C154="", "", 'Заполняет конвертор НЕ ТРОГАТЬ!'!C154) | D12: =IF('Заполняет конвертор НЕ ТРОГАТЬ!'!D154="", "", 'Заполняет конвертор НЕ ТРОГАТЬ!'!D154) | E12: =IF('Заполняет конвертор НЕ ТРОГАТЬ!'!E154="", "", 'Заполняет конвертор НЕ ТРОГАТЬ!'!E154) | F12: =IF('Заполняет конвертор НЕ ТРОГАТЬ!'!F154="", "", 'Заполняет конвертор НЕ ТРОГАТЬ!'!F154) | G12: =IF('Заполняет конвертор НЕ ТРОГАТЬ!'!G154="", "", 'Заполняет конвертор НЕ ТРОГАТЬ!'!G154) | H12: =IF('Заполняет конвертор НЕ ТРОГАТЬ!'!H154="", "", 'Заполняет конвертор НЕ ТРОГАТЬ!'!H154)
A13: =IF('Заполняет конвертор НЕ ТРОГАТЬ!'!A155="", "", 'Заполняет конвертор НЕ ТРОГАТЬ!'!A155) | B13: =IF('Заполняет конвертор НЕ ТРОГАТЬ!'!B155="", "", 'Заполняет конвертор НЕ ТРОГАТЬ!'!B155) | C13: =IF('Заполняет конвертор НЕ ТРОГАТЬ!'!C155="", "", 'Заполняет конвертор НЕ ТРОГАТЬ!'!C155) | D13: =IF('Заполняет конвертор НЕ ТРОГАТЬ!'!D155="", "", 'Заполняет конвертор НЕ ТРОГАТЬ!'!D155) | E13: =IF('Заполняет конвертор НЕ ТРОГАТЬ!'!E155="", "", 'Заполняет конвертор НЕ ТРОГАТЬ!'!E155) | F13: =IF('Заполняет конвертор НЕ ТРОГАТЬ!'!F155="", "", 'Заполняет конвертор НЕ ТРОГАТЬ!'!F155) | G13: =IF('Заполняет конвертор НЕ ТРОГАТЬ!'!G155="", "", 'Заполняет конвертор НЕ ТРОГАТЬ!'!G155) | H13: =IF('Заполняет конвертор НЕ ТРОГАТЬ!'!H155="", "", 'Заполняет конвертор НЕ ТРОГАТЬ!'!H155)
A14: =IF('Заполняет конвертор НЕ ТРОГАТЬ!'!A156="", "", 'Заполняет конвертор НЕ ТРОГАТЬ!'!A156) | B14: =IF('Заполняет конвертор НЕ ТРОГАТЬ!'!B156="", "", 'Заполняет конвертор НЕ ТРОГАТЬ!'!B156) | C14: =IF('Заполняет конвертор НЕ ТРОГАТЬ!'!C156="", "", 'Заполняет конвертор НЕ ТРОГАТЬ!'!C156) | D14: =IF('Заполняет конвертор НЕ ТРОГАТЬ!'!D156="", "", 'Заполняет конвертор НЕ ТРОГАТЬ!'!D156) | E14: =IF('Заполняет конвертор НЕ ТРОГАТЬ!'!E156="", "", 'Заполняет конвертор НЕ ТРОГАТЬ!'!E156) | F14: =IF('Заполняет конвертор НЕ ТРОГАТЬ!'!F156="", "", 'Заполняет конвертор НЕ ТРОГАТЬ!'!F156) | G14: =IF('Заполняет конвертор НЕ ТРОГАТЬ!'!G156="", "", 'Заполняет конвертор НЕ ТРОГАТЬ!'!G156) | H14: =IF('Заполняет конвертор НЕ ТРОГАТЬ!'!H156="", "", 'Заполняет конвертор НЕ ТРОГАТЬ!'!H156)
A15: =IF('Заполняет конвертор НЕ ТРОГАТЬ!'!A157="", "", 'Заполняет конвертор НЕ ТРОГАТЬ!'!A157) | B15: =IF('Заполняет конвертор НЕ ТРОГАТЬ!'!B157="", "", 'Заполняет конвертор НЕ ТРОГАТЬ!'!B157) | C15: =IF('Заполняет конвертор НЕ ТРОГАТЬ!'!C157="", "", 'Заполняет конвертор НЕ ТРОГАТЬ!'!C157) | D15: =IF('Заполняет конвертор НЕ ТРОГАТЬ!'!D157="", "", 'Заполняет конвертор НЕ ТРОГАТЬ!'!D157) | E15: =IF('Заполняет конвертор НЕ ТРОГАТЬ!'!E157="", "", 'Заполняет конвертор НЕ ТРОГАТЬ!'!E157) | F15: =IF('Заполняет конвертор НЕ ТРОГАТЬ!'!F157="", "", 'Заполняет конвертор НЕ ТРОГАТЬ!'!F157) | G15: =IF('Заполняет конвертор НЕ ТРОГАТЬ!'!G157="", "", 'Заполняет конвертор НЕ ТРОГАТЬ!'!G157) | H15: =IF('Заполняет конвертор НЕ ТРОГАТЬ!'!H157="", "", 'Заполняет конвертор НЕ ТРОГАТЬ!'!H157)
A16: =IF('Заполняет конвертор НЕ ТРОГАТЬ!'!A158="", "", 'Заполняет конвертор НЕ ТРОГАТЬ!'!A158) | B16: =IF('Заполняет конвертор НЕ ТРОГАТЬ!'!B158="", "", 'Заполняет конвертор НЕ ТРОГАТЬ!'!B158) | C16: =IF('Заполняет конвертор НЕ ТРОГАТЬ!'!C158="", "", 'Заполняет конвертор НЕ ТРОГАТЬ!'!C158) | D16: =IF('Заполняет конвертор НЕ ТРОГАТЬ!'!D158="", "", 'Заполняет конвертор НЕ ТРОГАТЬ!'!D158) | E16: =IF('Заполняет конвертор НЕ ТРОГАТЬ!'!E158="", "", 'Заполняет конвертор НЕ ТРОГАТЬ!'!E158) | F16: =IF('Заполняет конвертор НЕ ТРОГАТЬ!'!F158="", "", 'Заполняет конвертор НЕ ТРОГАТЬ!'!F158) | G16: =IF('Заполняет конвертор НЕ ТРОГАТЬ!'!G158="", "", 'Заполняет конвертор НЕ ТРОГАТЬ!'!G158) | H16: =IF('Заполняет конвертор НЕ ТРОГАТЬ!'!H158="", "", 'Заполняет конвертор НЕ ТРОГАТЬ!'!H158)
... A300: =IF('Заполняет конвертор НЕ ТРОГАТЬ!'!A442="", "", 'Заполняет конвертор НЕ ТРОГАТЬ!'!A442) -> 1 | B300: =IF('Заполняет конвертор НЕ ТРОГАТЬ!'!B442="", "", 'Заполняет конвертор НЕ ТРОГАТЬ!'!B442) -> 2 | C300: =IF('Заполняет конвертор НЕ ТРОГАТЬ!'!C442="", "", 'Заполняет конвертор НЕ ТРОГАТЬ!'!C442) -> 3 | D300: =IF('Заполняет конвертор НЕ ТРОГАТЬ!'!D442="", "", 'Заполняет конвертор НЕ ТРОГАТЬ!'!D442) -> 4 | E300: =IF('Заполняет конвертор НЕ ТРОГАТЬ!'!E442="", "", 'Заполняет конвертор НЕ ТРОГАТЬ!'!E442) -> 5 | F300: =IF('Заполняет конвертор НЕ ТРОГАТЬ!'!F442="", "", 'Заполняет конвертор НЕ ТРОГАТЬ!'!F442) -> 6 | G300: =IF('Заполняет конвертор НЕ ТРОГАТЬ!'!G442="", "", 'Заполняет конвертор НЕ ТРОГАТЬ!'!G442) -> 7 | H300: =IF('Заполняет конвертор НЕ ТРОГАТЬ!'!H442="", "", 'Заполняет конвертор НЕ ТРОГАТЬ!'!H442) -> 8

Sheet Список пропущеных животных  с У
A1: ИД | B1: ДДНИ | C1: ЛАКТ | D1: РЕПКД | E1: ДПОХ | F1: ИД | G1: ДДНИ | H1: ЛАКТ | I1: РЕПКД | J1: ДПОХ | L1: Ссылка на отчет в Арке
A2: =IF('Заполняет конвертор НЕ ТРОГАТЬ!'!I144="", "", 'Заполняет конвертор НЕ ТРОГАТЬ!'!I144) -> 1 | B2: =IF('Заполняет конвертор НЕ ТРОГАТЬ!'!J144="", "", 'Заполняет конвертор НЕ ТРОГАТЬ!'!J144) -> 2 | C2: =IF('Заполняет конвертор НЕ ТРОГАТЬ!'!K144="", "", 'Заполняет конвертор НЕ ТРОГАТЬ!'!K144) -> 3 | D2: =IF('Заполняет конвертор НЕ ТРОГАТЬ!'!L144="", "", 'Заполняет конвертор НЕ ТРОГАТЬ!'!L144) -> 4 | E2: =IF('Заполняет конвертор НЕ ТРОГАТЬ!'!M144="", "", 'Заполняет конвертор НЕ ТРОГАТЬ!'!M144) -> 5 | F2: =IF('Заполняет конвертор НЕ ТРОГАТЬ!'!N144="", "", 'Заполняет конвертор НЕ ТРОГАТЬ!'!N144) -> 6 | G2: =IF('Заполняет конвертор НЕ ТРОГАТЬ!'!O144="", "", 'Заполняет конвертор НЕ ТРОГАТЬ!'!O144) -> 7 | H2: =IF('Заполняет конвертор НЕ ТРОГАТЬ!'!P144="", "", 'Заполняет конвертор НЕ ТРОГАТЬ!'!P144) -> 8 | ... J2: =IF('Заполняет конвертор НЕ ТРОГАТЬ!'!R144="", "", 'Заполняет конвертор НЕ ТРОГАТЬ!'!R144) -> 0
A3: =IF('Заполняет конвертор НЕ ТРОГАТЬ!'!I145="", "", 'Заполняет конвертор НЕ ТРОГАТЬ!'!I145) | B3: =IF('Заполняет конвертор НЕ ТРОГАТЬ!'!J145="", "", 'Заполняет конвертор НЕ ТРОГАТЬ!'!J145) | C3: =IF('Заполняет конвертор НЕ ТРОГАТЬ!'!K145="", "", 'Заполняет конвертор НЕ ТРОГАТЬ!'!K145) | D3: =IF('Заполняет конвертор НЕ ТРОГАТЬ!'!L145="", "", 'Заполняет конвертор НЕ ТРОГАТЬ!'!L145) | E3: =IF('Заполняет конвертор НЕ ТРОГАТЬ!'!M145="", "", 'Заполняет конвертор НЕ ТРОГАТЬ!'!M145) | F3: =IF('Заполняет конвертор НЕ ТРОГАТЬ!'!N145="", "", 'Заполняет конвертор НЕ ТРОГАТЬ!'!N145) | G3: =IF('Заполняет конвертор НЕ ТРОГАТЬ!'!O145="", "", 'Заполняет конвертор НЕ ТРОГАТЬ!'!O145) | H3: =IF('Заполняет конвертор НЕ ТРОГАТЬ!'!P145="", "", 'Заполняет конвертор НЕ ТРОГАТЬ!'!P145) | ... J3: =IF('Заполняет конвертор НЕ ТРОГАТЬ!'!R145="", "", 'Заполняет конвертор НЕ ТРОГАТЬ!'!R145)
A4: =IF('Заполняет конвертор НЕ ТРОГАТЬ!'!I146="", "", 'Заполняет конвертор НЕ ТРОГАТЬ!'!I146) | B4: =IF('Заполняет конвертор НЕ ТРОГАТЬ!'!J146="", "", 'Заполняет конвертор НЕ ТРОГАТЬ!'!J146) | C4: =IF('Заполняет конвертор НЕ ТРОГАТЬ!'!K146="", "", 'Заполняет конвертор НЕ ТРОГАТЬ!'!K146) | D4: =IF('Заполняет конвертор НЕ ТРОГАТЬ!'!L146="", "", 'Заполняет конвертор НЕ ТРОГАТЬ!'!L146) | E4: =IF('Заполняет конвертор НЕ ТРОГАТЬ!'!M146="", "", 'Заполняет конвертор НЕ ТРОГАТЬ!'!M146) | F4: =IF('Заполняет конвертор НЕ ТРОГАТЬ!'!N146="", "", 'Заполняет конвертор НЕ ТРОГАТЬ!'!N146) | G4: =IF('Заполняет конвертор НЕ ТРОГАТЬ!'!O146="", "", 'Заполняет конвертор НЕ ТРОГАТЬ!'!O146) | H4: =IF('Заполняет конвертор НЕ ТРОГАТЬ!'!P146="", "", 'Заполняет конвертор НЕ ТРОГАТЬ!'!P146) | ... J4: =IF('Заполняет конвертор НЕ ТРОГАТЬ!'!R146="", "", 'Заполняет конвертор НЕ ТРОГАТЬ!'!R146) | L4: Внизу подписать Итого:
A5: =IF('Заполняет конвертор НЕ ТРОГАТЬ!'!I147="", "", 'Заполняет конвертор НЕ ТРОГАТЬ!'!I147) | B5: =IF('Заполняет конвертор НЕ ТРОГАТЬ!'!J147="", "", 'Заполняет конвертор НЕ ТРОГАТЬ!'!J147) | C5: =IF('Заполняет конвертор НЕ ТРОГАТЬ!'!K147="", "", 'Заполняет конвертор НЕ ТРОГАТЬ!'!K147) | D5: =IF('Заполняет конвертор НЕ ТРОГАТЬ!'!L147="", "", 'Заполняет конвертор НЕ ТРОГАТЬ!'!L147) | E5: =IF('Заполняет конвертор НЕ ТРОГАТЬ!'!M147="", "", 'Заполняет конвертор НЕ ТРОГАТЬ!'!M147) | F5: =IF('Заполняет конвертор НЕ ТРОГАТЬ!'!N147="", "", 'Заполняет конвертор НЕ ТРОГАТЬ!'!N147) | G5: =IF('Заполняет конвертор НЕ ТРОГАТЬ!'!O147="", "", 'Заполняет конвертор НЕ ТРОГАТЬ!'!O147) | H5: =IF('Заполняет конвертор НЕ ТРОГАТЬ!'!P147="", "", 'Заполняет конвертор НЕ ТРОГАТЬ!'!P147) | ... J5: =IF('Заполняет конвертор НЕ ТРОГАТЬ!'!R147="", "", 'Заполняет конвертор НЕ ТРОГАТЬ!'!R147)
A6: =IF('Заполняет конвертор НЕ ТРОГАТЬ!'!I148="", "", 'Заполняет конвертор НЕ ТРОГАТЬ!'!I148) | B6: =IF('Заполняет конвертор НЕ ТРОГАТЬ!'!J148="", "", 'Заполняет конвертор НЕ ТРОГАТЬ!'!J148) | C6: =IF('Заполняет конвертор НЕ ТРОГАТЬ!'!K148="", "", 'Заполняет конвертор НЕ ТРОГАТЬ!'!K148) | D6: =IF('Заполняет конвертор НЕ ТРОГАТЬ!'!L148="", "", 'Заполняет конвертор НЕ ТРОГАТЬ!'!L148) | E6: =IF('Заполняет конвертор НЕ ТРОГАТЬ!'!M148="", "", 'Заполняет конвертор НЕ ТРОГАТЬ!'!M148) | F6: =IF('Заполняет конвертор НЕ ТРОГАТЬ!'!N148="", "", 'Заполняет конвертор НЕ ТРОГАТЬ!'!N148) | G6: =IF('Заполняет конвертор НЕ ТРОГАТЬ!'!O148="", "", 'Заполняет конвертор НЕ ТРОГАТЬ!'!O148) | H6: =IF('Заполняет конвертор НЕ ТРОГАТЬ!'!P148="", "", 'Заполняет конвертор НЕ ТРОГАТЬ!'!P148) | ... J6: =IF('Заполняет конвертор НЕ ТРОГАТЬ!'!R148="", "", 'Заполняет конвертор НЕ ТРОГАТЬ!'!R148)
A7: =IF('Заполняет конвертор НЕ ТРОГАТЬ!'!I149="", "", 'Заполняет конвертор НЕ ТРОГАТЬ!'!I149) | B7: =IF('Заполняет конвертор НЕ ТРОГАТЬ!'!J149="", "", 'Заполняет конвертор НЕ ТРОГАТЬ!'!J149) | C7: =IF('Заполняет конвертор НЕ ТРОГАТЬ!'!K149="", "", 'Заполняет конвертор НЕ ТРОГАТЬ!'!K149) | D7: =IF('Заполняет конвертор НЕ ТРОГАТЬ!'!L149="", "", 'Заполняет конвертор НЕ ТРОГАТЬ!'!L149) | E7: =IF('Заполняет конвертор НЕ ТРОГАТЬ!'!M149="", "", 'Заполняет конвертор НЕ ТРОГАТЬ!'!M149) | F7: =IF('Заполняет конвертор НЕ ТРОГАТЬ!'!N149="", "", 'Заполняет конвертор НЕ ТРОГАТЬ!'!N149) | G7: =IF('Заполняет конвертор НЕ ТРОГАТЬ!'!O149="", "", 'Заполняет конвертор НЕ ТРОГАТЬ!'!O149) | H7: =IF('Заполняет конвертор НЕ ТРОГАТЬ!'!P149="", "", 'Заполняет конвертор НЕ ТРОГАТЬ!'!P149) | ... J7: =IF('Заполняет конвертор НЕ ТРОГАТЬ!'!R149="", "", 'Заполняет конвертор НЕ ТРОГАТЬ!'!R149)
A8: =IF('Заполняет конвертор НЕ ТРОГАТЬ!'!I150="", "", 'Заполняет конвертор НЕ ТРОГАТЬ!'!I150) | B8: =IF('Заполняет конвертор НЕ ТРОГАТЬ!'!J150="", "", 'Заполняет конвертор НЕ ТРОГАТЬ!'!J150) | C8: =IF('Заполняет конвертор НЕ ТРОГАТЬ!'!K150="", "", 'Заполняет конвертор НЕ ТРОГАТЬ!'!K150) | D8: =IF('Заполняет конвертор НЕ ТРОГАТЬ!'!L150="", "", 'Заполняет конвертор НЕ ТРОГАТЬ!'!L150) | E8: =IF('Заполняет конвертор НЕ ТРОГАТЬ!'!M150="", "", 'Заполняет конвертор НЕ ТРОГАТЬ!'!M150) | F8: =IF('Заполняет конвертор НЕ ТРОГАТЬ!'!N150="", "", 'Заполняет конвертор НЕ ТРОГАТЬ!'!N150) | G8: =IF('Заполняет конвертор НЕ ТРОГАТЬ!'!O150="", "", 'Заполняет конвертор НЕ ТРОГАТЬ!'!O150) | H8: =IF('Заполняет конвертор НЕ ТРОГАТЬ!'!P150="", "", 'Заполняет конвертор НЕ ТРОГАТЬ!'!P150) | ... J8: =IF('Заполняет конвертор НЕ ТРОГАТЬ!'!R150="", "", 'Заполняет конвертор НЕ ТРОГАТЬ!'!R150)
A9: =IF('Заполняет конвертор НЕ ТРОГАТЬ!'!I151="", "", 'Заполняет конвертор НЕ ТРОГАТЬ!'!I151) | B9: =IF('Заполняет конвертор НЕ ТРОГАТЬ!'!J151="", "", 'Заполняет конвертор НЕ ТРОГАТЬ!'!J151) | C9: =IF('Заполняет конвертор НЕ ТРОГАТЬ!'!K151="", "", 'Заполняет конвертор НЕ ТРОГАТЬ!'!K151) | D9: =IF('Заполняет конвертор НЕ ТРОГАТЬ!'!L151="", "", 'Заполняет конвертор НЕ ТРОГАТЬ!'!L151) | E9: =IF('Заполняет конвертор НЕ ТРОГАТЬ!'!M151="", "", 'Заполняет конвертор НЕ ТРОГАТЬ!'!M151) | F9: =IF('Заполняет конвертор НЕ ТРОГАТЬ!'!N151="", "", 'Заполняет конвертор НЕ ТРОГАТЬ!'!N151) | G9: =IF('Заполняет конвертор НЕ ТРОГАТЬ!'!O151="", "", 'Заполняет конвертор НЕ ТРОГАТЬ!'!O151) | H9: =IF('Заполняет конвертор НЕ ТРОГАТЬ!'!P151="", "", 'Заполняет конвертор НЕ ТРОГАТЬ!'!P151) | ... J9: =IF('Заполняет конвертор НЕ ТРОГАТЬ!'!R151="", "", 'Заполняет конвертор НЕ ТРОГАТЬ!'!R151)
A10: =IF('Заполняет конвертор НЕ ТРОГАТЬ!'!I152="", "", 'Заполняет конвертор НЕ ТРОГАТЬ!'!I152) | B10: =IF('Заполняет конвертор НЕ ТРОГАТЬ!'!J152="", "", 'Заполняет конвертор НЕ ТРОГАТЬ!'!J152) | C10: =IF('Заполняет конвертор НЕ ТРОГАТЬ!'!K152="", "", 'Заполняет конвертор НЕ ТРОГАТЬ!'!K152) | D10: =IF('Заполняет конвертор НЕ ТРОГАТЬ!'!L152="", "", 'Заполняет конвертор НЕ ТРОГАТЬ!'!L152) | E10: =IF('Заполняет конвертор НЕ ТРОГАТЬ!'!M152="", "", 'Заполняет конвертор НЕ ТРОГАТЬ!'!M152) | F10: =IF('Заполняет конвертор НЕ ТРОГАТЬ!'!N152="", "", 'Заполняет конвертор НЕ ТРОГАТЬ!'!N152) | G10: =IF('Заполняет конвертор НЕ ТРОГАТЬ!'!O152="", "", 'Заполняет конвертор НЕ ТРОГАТЬ!'!O152) | H10: =IF('Заполняет конвертор НЕ ТРОГАТЬ!'!P152="", "", 'Заполняет конвертор НЕ ТРОГАТЬ!'!P152) | ... J10: =IF('Заполняет конвертор НЕ ТРОГАТЬ!'!R152="", "", 'Заполняет конвертор НЕ ТРОГАТЬ!'!R152)
A11: =IF('Заполняет конвертор НЕ ТРОГАТЬ!'!I153="", "", 'Заполняет конвертор НЕ ТРОГАТЬ!'!I153) | B11: =IF('Заполняет конвертор НЕ ТРОГАТЬ!'!J153="", "", 'Заполняет конвертор НЕ ТРОГАТЬ!'!J153) | C11: =IF('Заполняет конвертор НЕ ТРОГАТЬ!'!K153="", "", 'Заполняет конвертор НЕ ТРОГАТЬ!'!K153) | D11: =IF('Заполняет конвертор НЕ ТРОГАТЬ!'!L153="", "", 'Заполняет конвертор НЕ ТРОГАТЬ!'!L153) | E11: =IF('Заполняет конвертор НЕ ТРОГАТЬ!'!M153="", "", 'Заполняет конвертор НЕ ТРОГАТЬ!'!M153) | F11: =IF('Заполняет конвертор НЕ ТРОГАТЬ!'!N153="", "", 'Заполняет конвертор НЕ ТРОГАТЬ!'!N153) | G11: =IF('Заполняет конвертор НЕ ТРОГАТЬ!'!O153="", "", 'Заполняет конвертор НЕ ТРОГАТЬ!'!O153) | H11: =IF('Заполняет конвертор НЕ ТРОГАТЬ!'!P153="", "", 'Заполняет конвертор НЕ ТРОГАТЬ!'!P153) | ... J11: =IF('Заполняет конвертор НЕ ТРОГАТЬ!'!R153="", "", 'Заполняет конвертор НЕ ТРОГАТЬ!'!R153)
A12: =IF('Заполняет конвертор НЕ ТРОГАТЬ!'!I154="", "", 'Заполняет конвертор НЕ ТРОГАТЬ!'!I154) | B12: =IF('Заполняет конвертор НЕ ТРОГАТЬ!'!J154="", "", 'Заполняет конвертор НЕ ТРОГАТЬ!'!J154) | C12: =IF('Заполняет конвертор НЕ ТРОГАТЬ!'!K154="", "", 'Заполняет конвертор НЕ ТРОГАТЬ!'!K154) | D12: =IF('Заполняет конвертор НЕ ТРОГАТЬ!'!L154="", "", 'Заполняет конвертор НЕ ТРОГАТЬ!'!L154) | E12: =IF('Заполняет конвертор НЕ ТРОГАТЬ!'!M154="", "", 'Заполняет конвертор НЕ ТРОГАТЬ!'!M154) | F12: =IF('Заполняет конвертор НЕ ТРОГАТЬ!'!N154="", "", 'Заполняет конвертор НЕ ТРОГАТЬ!'!N154) | G12: =IF('Заполняет конвертор НЕ ТРОГАТЬ!'!O154="", "", 'Заполняет конвертор НЕ ТРОГАТЬ!'!O154) | H12: =IF('Заполняет конвертор НЕ ТРОГАТЬ!'!P154="", "", 'Заполняет конвертор НЕ ТРОГАТЬ!'!P154) | ... J12: =IF('Заполняет конвертор НЕ ТРОГАТЬ!'!R154="", "", 'Заполняет конвертор НЕ ТРОГАТЬ!'!R154)
A13: =IF('Заполняет конвертор НЕ ТРОГАТЬ!'!I155="", "", 'Заполняет конвертор НЕ ТРОГАТЬ!'!I155) | B13: =IF('Заполняет конвертор НЕ ТРОГАТЬ!'!J155="", "", 'Заполняет конвертор НЕ ТРОГАТЬ!'!J155) | C13: =IF('Заполняет конвертор НЕ ТРОГАТЬ!'!K155="", "", 'Заполняет конвертор НЕ ТРОГАТЬ!'!K155) | D13: =IF('Заполняет конвертор НЕ ТРОГАТЬ!'!L155="", "", 'Заполняет конвертор НЕ ТРОГАТЬ!'!L155) | E13: =IF('Заполняет конвертор НЕ ТРОГАТЬ!'!M155="", "", 'Заполняет конвертор НЕ ТРОГАТЬ!'!M155) | F13: =IF('Заполняет конвертор НЕ ТРОГАТЬ!'!N155="", "", 'Заполняет конвертор НЕ ТРОГАТЬ!'!N155) | G13: =IF('Заполняет конвертор НЕ ТРОГАТЬ!'!O155="", "", 'Заполняет конвертор НЕ ТРОГАТЬ!'!O155) | H13: =IF('Заполняет конвертор НЕ ТРОГАТЬ!'!P155="", "", 'Заполняет конвертор НЕ ТРОГАТЬ!'!P155) | ... J13: =IF('Заполняет конвертор НЕ ТРОГАТЬ!'!R155="", "", 'Заполняет конвертор НЕ ТРОГАТЬ!'!R155)
A14: =IF('Заполняет конвертор НЕ ТРОГАТЬ!'!I156="", "", 'Заполняет конвертор НЕ ТРОГАТЬ!'!I156) | B14: =IF('Заполняет конвертор НЕ ТРОГАТЬ!'!J156="", "", 'Заполняет конвертор НЕ ТРОГАТЬ!'!J156) | C14: =IF('Заполняет конвертор НЕ ТРОГАТЬ!'!K156="", "", 'Заполняет конвертор НЕ ТРОГАТЬ!'!K156) | D14: =IF('Заполняет конвертор НЕ ТРОГАТЬ!'!L156="", "", 'Заполняет конвертор НЕ ТРОГАТЬ!'!L156) | E14: =IF('Заполняет конвертор НЕ ТРОГАТЬ!'!M156="", "", 'Заполняет конвертор НЕ ТРОГАТЬ!'!M156) | F14: =IF('Заполняет конвертор НЕ ТРОГАТЬ!'!N156="", "", 'Заполняет конвертор НЕ ТРОГАТЬ!'!N156) | G14: =IF('Заполняет конвертор НЕ ТРОГАТЬ!'!O156="", "", 'Заполняет конвертор НЕ ТРОГАТЬ!'!O156) | H14: =IF('Заполняет конвертор НЕ ТРОГАТЬ!'!P156="", "", 'Заполняет конвертор НЕ ТРОГАТЬ!'!P156) | ... J14: =IF('Заполняет конвертор НЕ ТРОГАТЬ!'!R156="", "", 'Заполняет конвертор НЕ ТРОГАТЬ!'!R156)
A15: =IF('Заполняет конвертор НЕ ТРОГАТЬ!'!I157="", "", 'Заполняет конвертор НЕ ТРОГАТЬ!'!I157) | B15: =IF('Заполняет конвертор НЕ ТРОГАТЬ!'!J157="", "", 'Заполняет конвертор НЕ ТРОГАТЬ!'!J157) | C15: =IF('Заполняет конвертор НЕ ТРОГАТЬ!'!K157="", "", 'Заполняет конвертор НЕ ТРОГАТЬ!'!K157) | D15: =IF('Заполняет конвертор НЕ ТРОГАТЬ!'!L157="", "", 'Заполняет конвертор НЕ ТРОГАТЬ!'!L157) | E15: =IF('Заполняет конвертор НЕ ТРОГАТЬ!'!M157="", "", 'Заполняет конвертор НЕ ТРОГАТЬ!'!M157) | F15: =IF('Заполняет конвертор НЕ ТРОГАТЬ!'!N157="", "", 'Заполняет конвертор НЕ ТРОГАТЬ!'!N157) | G15: =IF('Заполняет конвертор НЕ ТРОГАТЬ!'!O157="", "", 'Заполняет конвертор НЕ ТРОГАТЬ!'!O157) | H15: =IF('Заполняет конвертор НЕ ТРОГАТЬ!'!P157="", "", 'Заполняет конвертор НЕ ТРОГАТЬ!'!P157) | ... J15: =IF('Заполняет конвертор НЕ ТРОГАТЬ!'!R157="", "", 'Заполняет конвертор НЕ ТРОГАТЬ!'!R157)
A16: =IF('Заполняет конвертор НЕ ТРОГАТЬ!'!I158="", "", 'Заполняет конвертор НЕ ТРОГАТЬ!'!I158) | B16: =IF('Заполняет конвертор НЕ ТРОГАТЬ!'!J158="", "", 'Заполняет конвертор НЕ ТРОГАТЬ!'!J158) | C16: =IF('Заполняет конвертор НЕ ТРОГАТЬ!'!K158="", "", 'Заполняет конвертор НЕ ТРОГАТЬ!'!K158) | D16: =IF('Заполняет конвертор НЕ ТРОГАТЬ!'!L158="", "", 'Заполняет конвертор НЕ ТРОГАТЬ!'!L158) | E16: =IF('Заполняет конвертор НЕ ТРОГАТЬ!'!M158="", "", 'Заполняет конвертор НЕ ТРОГАТЬ!'!M158) | F16: =IF('Заполняет конвертор НЕ ТРОГАТЬ!'!N158="", "", 'Заполняет конвертор НЕ ТРОГАТЬ!'!N158) | G16: =IF('Заполняет конвертор НЕ ТРОГАТЬ!'!O158="", "", 'Заполняет конвертор НЕ ТРОГАТЬ!'!O158) | H16: =IF('Заполняет конвертор НЕ ТРОГАТЬ!'!P158="", "", 'Заполняет конвертор НЕ ТРОГАТЬ!'!P158) | ... J16: =IF('Заполняет конвертор НЕ ТРОГАТЬ!'!R158="", "", 'Заполняет конвертор НЕ ТРОГАТЬ!'!R158)
... A300: =IF('Заполняет конвертор НЕ ТРОГАТЬ!'!I442="", "", 'Заполняет конвертор НЕ ТРОГАТЬ!'!I442) -> 1 | B300: =IF('Заполняет конвертор НЕ ТРОГАТЬ!'!J442="", "", 'Заполняет конвертор НЕ ТРОГАТЬ!'!J442) -> 2 | C300: =IF('Заполняет конвертор НЕ ТРОГАТЬ!'!K442="", "", 'Заполняет конвертор НЕ ТРОГАТЬ!'!K442) -> 3 | D300: =IF('Заполняет конвертор НЕ ТРОГАТЬ!'!L442="", "", 'Заполняет конвертор НЕ ТРОГАТЬ!'!L442) -> 4 | E300: =IF('Заполняет конвертор НЕ ТРОГАТЬ!'!M442="", "", 'Заполняет конвертор НЕ ТРОГАТЬ!'!M442) -> 5 | F300: =IF('Заполняет конвертор НЕ ТРОГАТЬ!'!N442="", "", 'Заполняет конвертор НЕ ТРОГАТЬ!'!N442) -> 6 | G300: =IF('Заполняет конвертор НЕ ТРОГАТЬ!'!O442="", "", 'Заполняет конвертор НЕ ТРОГАТЬ!'!O442) -> 7 | H300: =IF('Заполняет конвертор НЕ ТРОГАТЬ!'!P442="", "", 'Заполняет конвертор НЕ ТРОГАТЬ!'!P442) -> 8 | ... J300: =IF('Заполняет конвертор НЕ ТРОГАТЬ!'!R442="", "", 'Заполняет конвертор НЕ ТРОГАТЬ!'!R442) -> 0

Sheet Список пропущенных на запуск
A1: Номер животного | B1: Дни стельности | C1: Лактация | D1: Статус коровы | E1: Номер Группы | F1: Номер животного | G1: Дни стельности | H1: Лактация | I1: Статус коровы | J1: Номер Группы | K1: Ссылка на отчет в Арке
A2: =IF('Заполняет конвертор НЕ ТРОГАТЬ!'!U144="", "", 'Заполняет конвертор НЕ ТРОГАТЬ!'!U144) -> 1 | B2: =IF('Заполняет конвертор НЕ ТРОГАТЬ!'!V144="", "", 'Заполняет конвертор НЕ ТРОГАТЬ!'!V144) -> 2 | C2: =IF('Заполняет конвертор НЕ ТРОГАТЬ!'!W144="", "", 'Заполняет конвертор НЕ ТРОГАТЬ!'!W144) -> 3 | D2: =IF('Заполняет конвертор НЕ ТРОГАТЬ!'!X144="", "", 'Заполняет конвертор НЕ ТРОГАТЬ!'!X144) -> 4 | E2: =IF('Заполняет конвертор НЕ ТРОГАТЬ!'!Y144="", "", 'Заполняет конвертор НЕ ТРОГАТЬ!'!Y144) -> 5 | F2: =IF('Заполняет конвертор НЕ ТРОГАТЬ!'!Z144="", "", 'Заполняет конвертор НЕ ТРОГАТЬ!'!Z144) -> 6 | G2: =IF('Заполняет конвертор НЕ ТРОГАТЬ!'!AA144="", "", 'Заполняет конвертор НЕ ТРОГАТЬ!'!AA144) -> 7 | H2: =IF('Заполняет конвертор НЕ ТРОГАТЬ!'!AB144="", "", 'Заполняет конвертор НЕ ТРОГАТЬ!'!AB144) -> 8 | ... J2: =IF('Заполняет конвертор НЕ ТРОГАТЬ!'!AD144="", "", 'Заполняет конвертор НЕ ТРОГАТЬ!'!AD144) -> 0
A3: =IF('Заполняет конвертор НЕ ТРОГАТЬ!'!U145="", "", 'Заполняет конвертор НЕ ТРОГАТЬ!'!U145) | B3: =IF('Заполняет конвертор НЕ ТРОГАТЬ!'!V145="", "", 'Заполняет конвертор НЕ ТРОГАТЬ!'!V145) | C3: =IF('Заполняет конвертор НЕ ТРОГАТЬ!'!W145="", "", 'Заполняет конвертор НЕ ТРОГАТЬ!'!W145) | D3: =IF('Заполняет конвертор НЕ ТРОГАТЬ!'!X145="", "", 'Заполняет конвертор НЕ ТРОГАТЬ!'!X145) | E3: =IF('Заполняет конвертор НЕ ТРОГАТЬ!'!Y145="", "", 'Заполняет конвертор НЕ ТРОГАТЬ!'!Y145) | F3: =IF('Заполняет конвертор НЕ ТРОГАТЬ!'!Z145="", "", 'Заполняет конвертор НЕ ТРОГАТЬ!'!Z145) | G3: =IF('Заполняет конвертор НЕ ТРОГАТЬ!'!AA145="", "", 'Заполняет конвертор НЕ ТРОГАТЬ!'!AA145) | H3: =IF('Заполняет конвертор НЕ ТРОГАТЬ!'!AB145="", "", 'Заполняет конвертор НЕ ТРОГАТЬ!'!AB145) | ... J3: =IF('Заполняет конвертор НЕ ТРОГАТЬ!'!AD145="", "", 'Заполняет конвертор НЕ ТРОГАТЬ!'!AD145)
A4: =IF('Заполняет конвертор НЕ ТРОГАТЬ!'!U146="", "", 'Заполняет конвертор НЕ ТРОГАТЬ!'!U146) | B4: =IF('Заполняет конвертор НЕ ТРОГАТЬ!'!V146="", "", 'Заполняет конвертор НЕ ТРОГАТЬ!'!V146) | C4: =IF('Заполняет конвертор НЕ ТРОГАТЬ!'!W146="", "", 'Заполняет конвертор НЕ ТРОГАТЬ!'!W146) | D4: =IF('Заполняет конвертор НЕ ТРОГАТЬ!'!X146="", "", 'Заполняет конвертор НЕ ТРОГАТЬ!'!X146) | E4: =IF('Заполняет конвертор НЕ ТРОГАТЬ!'!Y146="", "", 'Заполняет конвертор НЕ ТРОГАТЬ!'!Y146) | F4: =IF('Заполняет конвертор НЕ ТРОГАТЬ!'!Z146="", "", 'Заполняет конвертор НЕ ТРОГАТЬ!'!Z146) | G4: =IF('Заполняет конвертор НЕ ТРОГАТЬ!'!AA146="", "", 'Заполняет конвертор НЕ ТРОГАТЬ!'!AA146) | H4: =IF('Заполняет конвертор НЕ ТРОГАТЬ!'!AB146="", "", 'Заполняет конвертор НЕ ТРОГАТЬ!'!AB146) | ... J4: =IF('Заполняет конвертор НЕ ТРОГАТЬ!'!AD146="", "", 'Заполняет конвертор НЕ ТРОГАТЬ!'!AD146) | M4: Внизу подписать Итого:
A5: =IF('Заполняет конвертор НЕ ТРОГАТЬ!'!U147="", "", 'Заполняет конвертор НЕ ТРОГАТЬ!'!U147) | B5: =IF('Заполняет конвертор НЕ ТРОГАТЬ!'!V147="", "", 'Заполняет конвертор НЕ ТРОГАТЬ!'!V147) | C5: =IF('Заполняет конвертор НЕ ТРОГАТЬ!'!W147="", "", 'Заполняет конвертор НЕ ТРОГАТЬ!'!W147) | D5: =IF('Заполняет конвертор НЕ ТРОГАТЬ!'!X147="", "", 'Заполняет конвертор НЕ ТРОГАТЬ!'!X147) | E5: =IF('Заполняет конвертор НЕ ТРОГАТЬ!'!Y147="", "", 'Заполняет конвертор НЕ ТРОГАТЬ!'!Y147) | F5: =IF('Заполняет конвертор НЕ ТРОГАТЬ!'!Z147="", "", 'Заполняет конвертор НЕ ТРОГАТЬ!'!Z147) | G5: =IF('Заполняет конвертор НЕ ТРОГАТЬ!'!AA147="", "", 'Заполняет конвертор НЕ ТРОГАТЬ!'!AA147) | H5: =IF('Заполняет конвертор НЕ ТРОГАТЬ!'!AB147="", "", 'Заполняет конвертор НЕ ТРОГАТЬ!'!AB147) | ... J5: =IF('Заполняет конвертор НЕ ТРОГАТЬ!'!AD147="", "", 'Заполняет конвертор НЕ ТРОГАТЬ!'!AD147)
A6: =IF('Заполняет конвертор НЕ ТРОГАТЬ!'!U148="", "", 'Заполняет конвертор НЕ ТРОГАТЬ!'!U148) | B6: =IF('Заполняет конвертор НЕ ТРОГАТЬ!'!V148="", "", 'Заполняет конвертор НЕ ТРОГАТЬ!'!V148) | C6: =IF('Заполняет конвертор НЕ ТРОГАТЬ!'!W148="", "", 'Заполняет конвертор НЕ ТРОГАТЬ!'!W148) | D6: =IF('Заполняет конвертор НЕ ТРОГАТЬ!'!X148="", "", 'Заполняет конвертор НЕ ТРОГАТЬ!'!X148) | E6: =IF('Заполняет конвертор НЕ ТРОГАТЬ!'!Y148="", "", 'Заполняет конвертор НЕ ТРОГАТЬ!'!Y148) | F6: =IF('Заполняет конвертор НЕ ТРОГАТЬ!'!Z148="", "", 'Заполняет конвертор НЕ ТРОГАТЬ!'!Z148) | G6: =IF('Заполняет конвертор НЕ ТРОГАТЬ!'!AA148="", "", 'Заполняет конвертор НЕ ТРОГАТЬ!'!AA148) | H6: =IF('Заполняет конвертор НЕ ТРОГАТЬ!'!AB148="", "", 'Заполняет конвертор НЕ ТРОГАТЬ!'!AB148) | ... J6: =IF('Заполняет конвертор НЕ ТРОГАТЬ!'!AD148="", "", 'Заполняет конвертор НЕ ТРОГАТЬ!'!AD148)
A7: =IF('Заполняет конвертор НЕ ТРОГАТЬ!'!U149="", "", 'Заполняет конвертор НЕ ТРОГАТЬ!'!U149) | B7: =IF('Заполняет конвертор НЕ ТРОГАТЬ!'!V149="", "", 'Заполняет конвертор НЕ ТРОГАТЬ!'!V149) | C7: =IF('Заполняет конвертор НЕ ТРОГАТЬ!'!W149="", "", 'Заполняет конвертор НЕ ТРОГАТЬ!'!W149) | D7: =IF('Заполняет конвертор НЕ ТРОГАТЬ!'!X149="", "", 'Заполняет конвертор НЕ ТРОГАТЬ!'!X149) | E7: =IF('Заполняет конвертор НЕ ТРОГАТЬ!'!Y149="", "", 'Заполняет конвертор НЕ ТРОГАТЬ!'!Y149) | F7: =IF('Заполняет конвертор НЕ ТРОГАТЬ!'!Z149="", "", 'Заполняет конвертор НЕ ТРОГАТЬ!'!Z149) | G7: =IF('Заполняет конвертор НЕ ТРОГАТЬ!'!AA149="", "", 'Заполняет конвертор НЕ ТРОГАТЬ!'!AA149) | H7: =IF('Заполняет конвертор НЕ ТРОГАТЬ!'!AB149="", "", 'Заполняет конвертор НЕ ТРОГАТЬ!'!AB149) | ... J7: =IF('Заполняет конвертор НЕ ТРОГАТЬ!'!AD149="", "", 'Заполняет конвертор НЕ ТРОГАТЬ!'!AD149)
A8: =IF('Заполняет конвертор НЕ ТРОГАТЬ!'!U150="", "", 'Заполняет конвертор НЕ ТРОГАТЬ!'!U150) | B8: =IF('Заполняет конвертор НЕ ТРОГАТЬ!'!V150="", "", 'Заполняет конвертор НЕ ТРОГАТЬ!'!V150) | C8: =IF('Заполняет конвертор НЕ ТРОГАТЬ!'!W150="", "", 'Заполняет конвертор НЕ ТРОГАТЬ!'!W150) | D8: =IF('Заполняет конвертор НЕ ТРОГАТЬ!'!X150="", "", 'Заполняет конвертор НЕ ТРОГАТЬ!'!X150) | E8: =IF('Заполняет конвертор НЕ ТРОГАТЬ!'!Y150="", "", 'Заполняет конвертор НЕ ТРОГАТЬ!'!Y150) | F8: =IF('Заполняет конвертор НЕ ТРОГАТЬ!'!Z150="", "", 'Заполняет конвертор НЕ ТРОГАТЬ!'!Z150) | G8: =IF('Заполняет конвертор НЕ ТРОГАТЬ!'!AA150="", "", 'Заполняет конвертор НЕ ТРОГАТЬ!'!AA150) | H8: =IF('Заполняет конвертор НЕ ТРОГАТЬ!'!AB150="", "", 'Заполняет конвертор НЕ ТРОГАТЬ!'!AB150) | ... J8: =IF('Заполняет конвертор НЕ ТРОГАТЬ!'!AD150="", "", 'Заполняет конвертор НЕ ТРОГАТЬ!'!AD150)
A9: =IF('Заполняет конвертор НЕ ТРОГАТЬ!'!U151="", "", 'Заполняет конвертор НЕ ТРОГАТЬ!'!U151) | B9: =IF('Заполняет конвертор НЕ ТРОГАТЬ!'!V151="", "", 'Заполняет конвертор НЕ ТРОГАТЬ!'!V151) | C9: =IF('Заполняет конвертор НЕ ТРОГАТЬ!'!W151="", "", 'Заполняет конвертор НЕ ТРОГАТЬ!'!W151) | D9: =IF('Заполняет конвертор НЕ ТРОГАТЬ!'!X151="", "", 'Заполняет конвертор НЕ ТРОГАТЬ!'!X151) | E9: =IF('Заполняет конвертор НЕ ТРОГАТЬ!'!Y151="", "", 'Заполняет конвертор НЕ ТРОГАТЬ!'!Y151) | F9: =IF('Заполняет конвертор НЕ ТРОГАТЬ!'!Z151="", "", 'Заполняет конвертор НЕ ТРОГАТЬ!'!Z151) | G9: =IF('Заполняет конвертор НЕ ТРОГАТЬ!'!AA151="", "", 'Заполняет конвертор НЕ ТРОГАТЬ!'!AA151) | H9: =IF('Заполняет конвертор НЕ ТРОГАТЬ!'!AB151="", "", 'Заполняет конвертор НЕ ТРОГАТЬ!'!AB151) | ... J9: =IF('Заполняет конвертор НЕ ТРОГАТЬ!'!AD151="", "", 'Заполняет конвертор НЕ ТРОГАТЬ!'!AD151)
A10: =IF('Заполняет конвертор НЕ ТРОГАТЬ!'!U152="", "", 'Заполняет конвертор НЕ ТРОГАТЬ!'!U152) | B10: =IF('Заполняет конвертор НЕ ТРОГАТЬ!'!V152="", "", 'Заполняет конвертор НЕ ТРОГАТЬ!'!V152) | C10: =IF('Заполняет конвертор НЕ ТРОГАТЬ!'!W152="", "", 'Заполняет конвертор НЕ ТРОГАТЬ!'!W152) | D10: =IF('Заполняет конвертор НЕ ТРОГАТЬ!'!X152="", "", 'Заполняет конвертор НЕ ТРОГАТЬ!'!X152) | E10: =IF('Заполняет конвертор НЕ ТРОГАТЬ!'!Y152="", "", 'Заполняет конвертор НЕ ТРОГАТЬ!'!Y152) | F10: =IF('Заполняет конвертор НЕ ТРОГАТЬ!'!Z152="", "", 'Заполняет конвертор НЕ ТРОГАТЬ!'!Z152) | G10: =IF('Заполняет конвертор НЕ ТРОГАТЬ!'!AA152="", "", 'Заполняет конвертор НЕ ТРОГАТЬ!'!AA152) | H10: =IF('Заполняет конвертор НЕ ТРОГАТЬ!'!AB152="", "", 'Заполняет конвертор НЕ ТРОГАТЬ!'!AB152) | ... J10: =IF('Заполняет конвертор НЕ ТРОГАТЬ!'!AD152="", "", 'Заполняет конвертор НЕ ТРОГАТЬ!'!AD152)
A11: =IF('Заполняет конвертор НЕ ТРОГАТЬ!'!U153="", "", 'Заполняет конвертор НЕ ТРОГАТЬ!'!U153) | B11: =IF('Заполняет конвертор НЕ ТРОГАТЬ!'!V153="", "", 'Заполняет конвертор НЕ ТРОГАТЬ!'!V153) | C11: =IF('Заполняет конвертор НЕ ТРОГАТЬ!'!W153="", "", 'Заполняет конвертор НЕ ТРОГАТЬ!'!W153) | D11: =IF('Заполняет конвертор НЕ ТРОГАТЬ!'!X153="", "", 'Заполняет конвертор НЕ ТРОГАТЬ!'!X153) | E11: =IF('Заполняет конвертор НЕ ТРОГАТЬ!'!Y153="", "", 'Заполняет конвертор НЕ ТРОГАТЬ!'!Y153) | F11: =IF('Заполняет конвертор НЕ ТРОГАТЬ!'!Z153="", "", 'Заполняет конвертор НЕ ТРОГАТЬ!'!Z153) | G11: =IF('Заполняет конвертор НЕ ТРОГАТЬ!'!AA153="", "", 'Заполняет конвертор НЕ ТРОГАТЬ!'!AA153) | H11: =IF('Заполняет конвертор НЕ ТРОГАТЬ!'!AB153="", "", 'Заполняет конвертор НЕ ТРОГАТЬ!'!AB153) | ... J11: =IF('Заполняет конвертор НЕ ТРОГАТЬ!'!AD153="", "", 'Заполняет конвертор НЕ ТРОГАТЬ!'!AD153)
A12: =IF('Заполняет конвертор НЕ ТРОГАТЬ!'!U154="", "", 'Заполняет конвертор НЕ ТРОГАТЬ!'!U154) | B12: =IF('Заполняет конвертор НЕ ТРОГАТЬ!'!V154="", "", 'Заполняет конвертор НЕ ТРОГАТЬ!'!V154) | C12: =IF('Заполняет конвертор НЕ ТРОГАТЬ!'!W154="", "", 'Заполняет конвертор НЕ ТРОГАТЬ!'!W154) | D12: =IF('Заполняет конвертор НЕ ТРОГАТЬ!'!X154="", "", 'Заполняет конвертор НЕ ТРОГАТЬ!'!X154) | E12: =IF('Заполняет конвертор НЕ ТРОГАТЬ!'!Y154="", "", 'Заполняет конвертор НЕ ТРОГАТЬ!'!Y154) | F12: =IF('Заполняет конвертор НЕ ТРОГАТЬ!'!Z154="", "", 'Заполняет конвертор НЕ ТРОГАТЬ!'!Z154) | G12: =IF('Заполняет конвертор НЕ ТРОГАТЬ!'!AA154="", "", 'Заполняет конвертор НЕ ТРОГАТЬ!'!AA154) | H12: =IF('Заполняет конвертор НЕ ТРОГАТЬ!'!AB154="", "", 'Заполняет конвертор НЕ ТРОГАТЬ!'!AB154) | ... J12: =IF('Заполняет конвертор НЕ ТРОГАТЬ!'!AD154="", "", 'Заполняет конвертор НЕ ТРОГАТЬ!'!AD154)
A13: =IF('Заполняет конвертор НЕ ТРОГАТЬ!'!U155="", "", 'Заполняет конвертор НЕ ТРОГАТЬ!'!U155) | B13: =IF('Заполняет конвертор НЕ ТРОГАТЬ!'!V155="", "", 'Заполняет конвертор НЕ ТРОГАТЬ!'!V155) | C13: =IF('Заполняет конвертор НЕ ТРОГАТЬ!'!W155="", "", 'Заполняет конвертор НЕ ТРОГАТЬ!'!W155) | D13: =IF('Заполняет конвертор НЕ ТРОГАТЬ!'!X155="", "", 'Заполняет конвертор НЕ ТРОГАТЬ!'!X155) | E13: =IF('Заполняет конвертор НЕ ТРОГАТЬ!'!Y155="", "", 'Заполняет конвертор НЕ ТРОГАТЬ!'!Y155) | F13: =IF('Заполняет конвертор НЕ ТРОГАТЬ!'!Z155="", "", 'Заполняет конвертор НЕ ТРОГАТЬ!'!Z155) | G13: =IF('Заполняет конвертор НЕ ТРОГАТЬ!'!AA155="", "", 'Заполняет конвертор НЕ ТРОГАТЬ!'!AA155) | H13: =IF('Заполняет конвертор НЕ ТРОГАТЬ!'!AB155="", "", 'Заполняет конвертор НЕ ТРОГАТЬ!'!AB155) | ... J13: =IF('Заполняет конвертор НЕ ТРОГАТЬ!'!AD155="", "", 'Заполняет конвертор НЕ ТРОГАТЬ!'!AD155)
A14: =IF('Заполняет конвертор НЕ ТРОГАТЬ!'!U156="", "", 'Заполняет конвертор НЕ ТРОГАТЬ!'!U156) | B14: =IF('Заполняет конвертор НЕ ТРОГАТЬ!'!V156="", "", 'Заполняет конвертор НЕ ТРОГАТЬ!'!V156) | C14: =IF('Заполняет конвертор НЕ ТРОГАТЬ!'!W156="", "", 'Заполняет конвертор НЕ ТРОГАТЬ!'!W156) | D14: =IF('Заполняет конвертор НЕ ТРОГАТЬ!'!X156="", "", 'Заполняет конвертор НЕ ТРОГАТЬ!'!X156) | E14: =IF('Заполняет конвертор НЕ ТРОГАТЬ!'!Y156="", "", 'Заполняет конвертор НЕ ТРОГАТЬ!'!Y156) | F14: =IF('Заполняет конвертор НЕ ТРОГАТЬ!'!Z156="", "", 'Заполняет конвертор НЕ ТРОГАТЬ!'!Z156) | G14: =IF('Заполняет конвертор НЕ ТРОГАТЬ!'!AA156="", "", 'Заполняет конвертор НЕ ТРОГАТЬ!'!AA156) | H14: =IF('Заполняет конвертор НЕ ТРОГАТЬ!'!AB156="", "", 'Заполняет конвертор НЕ ТРОГАТЬ!'!AB156) | ... J14: =IF('Заполняет конвертор НЕ ТРОГАТЬ!'!AD156="", "", 'Заполняет конвертор НЕ ТРОГАТЬ!'!AD156)
A15: =IF('Заполняет конвертор НЕ ТРОГАТЬ!'!U157="", "", 'Заполняет конвертор НЕ ТРОГАТЬ!'!U157) | B15: =IF('Заполняет конвертор НЕ ТРОГАТЬ!'!V157="", "", 'Заполняет конвертор НЕ ТРОГАТЬ!'!V157) | C15: =IF('Заполняет конвертор НЕ ТРОГАТЬ!'!W157="", "", 'Заполняет конвертор НЕ ТРОГАТЬ!'!W157) | D15: =IF('Заполняет конвертор НЕ ТРОГАТЬ!'!X157="", "", 'Заполняет конвертор НЕ ТРОГАТЬ!'!X157) | E15: =IF('Заполняет конвертор НЕ ТРОГАТЬ!'!Y157="", "", 'Заполняет конвертор НЕ ТРОГАТЬ!'!Y157) | F15: =IF('Заполняет конвертор НЕ ТРОГАТЬ!'!Z157="", "", 'Заполняет конвертор НЕ ТРОГАТЬ!'!Z157) | G15: =IF('Заполняет конвертор НЕ ТРОГАТЬ!'!AA157="", "", 'Заполняет конвертор НЕ ТРОГАТЬ!'!AA157) | H15: =IF('Заполняет конвертор НЕ ТРОГАТЬ!'!AB157="", "", 'Заполняет конвертор НЕ ТРОГАТЬ!'!AB157) | ... J15: =IF('Заполняет конвертор НЕ ТРОГАТЬ!'!AD157="", "", 'Заполняет конвертор НЕ ТРОГАТЬ!'!AD157)
A16: =IF('Заполняет конвертор НЕ ТРОГАТЬ!'!U158="", "", 'Заполняет конвертор НЕ ТРОГАТЬ!'!U158) | B16: =IF('Заполняет конвертор НЕ ТРОГАТЬ!'!V158="", "", 'Заполняет конвертор НЕ ТРОГАТЬ!'!V158) | C16: =IF('Заполняет конвертор НЕ ТРОГАТЬ!'!W158="", "", 'Заполняет конвертор НЕ ТРОГАТЬ!'!W158) | D16: =IF('Заполняет конвертор НЕ ТРОГАТЬ!'!X158="", "", 'Заполняет конвертор НЕ ТРОГАТЬ!'!X158) | E16: =IF('Заполняет конвертор НЕ ТРОГАТЬ!'!Y158="", "", 'Заполняет конвертор НЕ ТРОГАТЬ!'!Y158) | F16: =IF('Заполняет конвертор НЕ ТРОГАТЬ!'!Z158="", "", 'Заполняет конвертор НЕ ТРОГАТЬ!'!Z158) | G16: =IF('Заполняет конвертор НЕ ТРОГАТЬ!'!AA158="", "", 'Заполняет конвертор НЕ ТРОГАТЬ!'!AA158) | H16: =IF('Заполняет конвертор НЕ ТРОГАТЬ!'!AB158="", "", 'Заполняет конвертор НЕ ТРОГАТЬ!'!AB158) | ... J16: =IF('Заполняет конвертор НЕ ТРОГАТЬ!'!AD158="", "", 'Заполняет конвертор НЕ ТРОГАТЬ!'!AD158)
... A600: =IF('Заполняет конвертор НЕ ТРОГАТЬ!'!U742="", "", 'Заполняет конвертор НЕ ТРОГАТЬ!'!U742) -> 1 | B600: =IF('Заполняет конвертор НЕ ТРОГАТЬ!'!V742="", "", 'Заполняет конвертор НЕ ТРОГАТЬ!'!V742) -> 2 | C600: =IF('Заполняет конвертор НЕ ТРОГАТЬ!'!W742="", "", 'Заполняет конвертор НЕ ТРОГАТЬ!'!W742) -> 3 | D600: =IF('Заполняет конвертор НЕ ТРОГАТЬ!'!X742="", "", 'Заполняет конвертор НЕ ТРОГАТЬ!'!X742) -> 4 | E600: =IF('Заполняет конвертор НЕ ТРОГАТЬ!'!Y742="", "", 'Заполняет конвертор НЕ ТРОГАТЬ!'!Y742) -> 5 | F600: =IF('Заполняет конвертор НЕ ТРОГАТЬ!'!Z742="", "", 'Заполняет конвертор НЕ ТРОГАТЬ!'!Z742) -> 6 | G600: =IF('Заполняет конвертор НЕ ТРОГАТЬ!'!AA742="", "", 'Заполняет конвертор НЕ ТРОГАТЬ!'!AA742) -> 7 | H600: =IF('Заполняет конвертор НЕ ТРОГАТЬ!'!AB742="", "", 'Заполняет конвертор НЕ ТРОГАТЬ!'!AB742) -> 8 | ... J600: =IF('Заполняет конвертор НЕ ТРОГАТЬ!'!AD742="", "", 'Заполняет конвертор НЕ ТРОГАТЬ!'!AD742) -> 0

Sheet не трогать
A1: название хоз-ва | B1: СП Калужское | C1: с 31/1/22 | D1: по 7/2/22
A2: дата
A3: Отел
A4: План | B4: 15 | C4: 44484 | D4: 44490 | E4: LIST ID %50.pcdat.276.pdue DUE RPRO LACT DCC PDCC FDAT FOR rc<>1 (DUE=15/10/21-21/10/21)(PDUE=15/10/21-21/10/21 PDUE>DUE)
A5: Коров | B5: 11 | E5: SUM BY LGRP FOR RC<>1 (DUE=15/10/21-21/10/21)(%50.pcdat.276.pdue=15/10/21-21/10/21 PDUE>DUE)
A6: Нетелей | B6: 4
A7: Факт отел | B7: 16 | E7: LIST ID PDUE DUE RPRO LACT DCC PDCC FDAT FOR RC<>1 FDAT=15/10/21-21/10/21
A8: коров | B8: 11 | E8: LIST ID PDUE DUE RPRO LACT DCC PDCC FDAT FOR RC<>1 FDAT=15/10/21-21/10/21 lact>1
A9: Нетелей | B9: 5 | E9: LIST ID PDUE DUE RPRO LACT DCC PDCC FDAT FOR RC<>1 FDAT=15/10/21-21/10/21 lact=1
A10: Отел раньше 265 дней | B10: 3 | E10: SUM FOR PDCC<265 FDAT=15/10/21-21/10/21
A11: Отел позже 295 | B11: 0 | E11: SUM FOR PDCC>295 FDAT=15/10/21-21/10/21
A12: Еще не отелилось а должно | B12: 0 | E12: LIST ID PDUE DUE RPRO LACT DCC PDCC FDAT FOR RC<>1 FDAT<DUE (DUE=15/10/21-21/10/21)(PDUE=15/10/21-21/10/21 PDUE>DUE)
A13: Средние дни стельности при отеле | B13: 264 | E13: SUM PDCC FOR FDAT=15/10/21-21/10/21\B
A15: Всего телят | B15: 12
A16: Быков | B16: 6
A17: Телок | B17: 6 | C17: 0.45
A18: Мертвых | B18: 2 | C18: 0.09
A19: % Мертвых Быков | B19: 0.17 | C19: 0.16
A20: % Мертвых Телок | B20: 0 | C20: 0
A21: %Телок | B21: 0.5
A22: Выбытие новотельных до 60 дней за последние 90 дней | F22: МЕСЯЦ ОТЕЛА | G22: ОТЕЛ | H22: ПРОДАЖА | I22: % ВЫБЫТИЯ | J22: %Сохранности | K22: Месяц рождения | L22: Рождено | M22: Живых | N22: %Сохранности | O22: SUM BY BIMON BY ARMON FOR LACT=0 GNDR=F BDAT>-180\B
A23: Отелилось | B23: 191 | E23: GRAPH SOLD DIED FRESH FOR DIM<61\FD90 | F23: ноя21 | G23: 45 | H23: 7 | I23: 0.16 | J23: =(G23-H23)/G23 -> 0.84444444 | K23: янв | L23: 34 | M23: 33 | N23: 0.97
A24: Выбыло до 61 дня | B24: 25 | F24: 44916 | G24: 59 | H24: 8 | I24: 0.14 | J24: =(G24-H24)/G24 -> 0.86440678 | K24: фев | L24: 6 | M24: 6 | N24: 1
A25: % выбытия | B25: 0.13 | F25: 44583 | G25: 66 | H25: 5 | I25: 0.08 | J25: =(G25-H25)/G25 -> 0.92424242 | K25: авг | L25: 33 | M25: 13 | N25: 0.39
F26: фев22 | G26: 12 | H26: 0 | I26: 0 | J26: =(G26-H26)/G26 -> 1 | K26: сен | L26: 13 | M26: 9 | N26: 0.69
A27: Сохранность телок до 6 месяцев | F27: Всего | G27: 182 | H27: 20 | I27: 0.11 | J27: =(G27-H27)/G27 -> 0.89010989 | K27: окт | L27: 26 | M27: 24 | N27: 0.92
A28: Родилось | B28: 264 | E28: SUM BY BIMON BY ARMON FOR BDAT>-180 GNDR=F\B | K28: ноя | L28: 20 | M28: 19 | N28: 0.95
A29: Живет | B29: 133 | K29: дек | L29: 30 | M29: 29 | N29: 0.97
A30: % сохранности | B30: =B29/B28*100 -> 50.378788 | K30: Всего | L30: 162 | M30: 133 | N30: 0.82
A32: Воспроизводство
A33: Дни в доении при первом осеменении | B33: 69 | E33: SUM DIMFB FOR FBDAT=15/10/21-21/10/21 TBRD=1 LACT>0
A34: Осеменились раньше ПДО 72 дня | B34: 0 | E34: SUM DIMFB FOR FBDAT=15/10/21-21/10/21 TBRD=1 LACT>0 DIMFB<72
A35: Осеменились позже | B35: 0 | E35: SUM DIMFB FOR FBDAT=15/10/21-21/10/21 TBRD=1 LACT>0 DIMFB>78
A36: Осеменения отсутствуют дни в доении >96 | B36: 19 | E36: SUM DIMFB FOR DIM>96 LACT>0 TBRD=0 BY RPRO
A37: %до 72 дней в доении | B37: 0.01 | E37: SUM DIMFB=72 DIMFB=79 FOR LACT>0 DIMFB>0\b
A38: % 72-78 | B38: 0.8
A39: %>78 | B39: 0.2
A40: Средний интервал между ИО | B40: 54 | E40: SUM HINT FOR TBRD>1 LACT>0\B
A41: Должны проверить на УЗИ1 | B41: 10 | E41: SUM FOR DSLH=39-45 LACT>0 BY RPRO
A42: По факту проверено | B42: 9
A43: из них Стельных | B43: 8 | C43: 0.9
A44: Холостых | B44: 5
A45: Поставлено на БРАК | B45: 0
A46: Потеря стельности на УЗИ2 и более+открытие лактации | B46: 0 | E46: SUM BY ABDAT FOR ABDAT=15/10/21-21/10/21 LACT>0 | M46: Дата | N46: Ох Приг | O46: Охот | P46: HDR | Q46: Ст Приг | R46: Стел | S46: PregRate | T46: Аборты
A47: Не стоит на схеме, а должны | M47: 44217 | N47: 290 | O47: 123 | P47: 42 | Q47: 287 | R47: 41 | S47: 14 | T47: 6
A48: PR&HDR | M48: 44238 | N48: 282 | O48: 110 | P48: 39 | Q48: 282 | R48: 31 | S48: 11 | T48: 5
A49: Сухостой | M49: 44259 | N49: 295 | O49: 121 | P49: 41 | Q49: 293 | R49: 39 | S49: 13 | T49: 3
C50: дата с | D50: дата по | M50: 44280 | N50: 304 | O50: 122 | P50: 40 | Q50: 303 | R50: 43 | S50: 14 | T50: 5
A51: Должно быть запущено | B51: 8 | C51: 44484 | D51: 44490 | E51: LIST ID DUDRY DDAT RPRO %49.DUDRY.DDAT %49.ddat.cdat dcc FOR DUDRY=15/10/21-21/10/21 LACT>0\a | F51: DUDRY - должен быть настроен по нижнему значению | M51: 44301 | N51: 298 | O51: 135 | P51: 45 | Q51: 296 | R51: 54 | S51: 18 | T51: 5
A52: запущено по факту | B52: 28 | E52: GRAPH %49.ddat.cdat FOR DDAT>0 LACT>0\D7 | M52: 44322 | N52: 278 | O52: 110 | P52: 40 | Q52: 276 | R52: 40 | S52: 14 | T52: 3
A53: средние дни стельности при запуске | B53: 217 | C53: 44484 | D53: 44490 | E53: LIST ID DUDRY DDAT RPRO %49.DUDRY.DDAT %49.ddat.cdat dcc FOR DDAT=15/10/21-21/10/21 LACT>0\a | M53: 44343 | N53: 274 | O53: 106 | P53: 39 | Q53: 269 | R53: 41 | S53: 15 | T53: 2
A54: кол-во пропущенных | B54: 0 | M54: 44364 | N54: 235 | O54: 113 | P54: 48 | Q54: 230 | R54: 24 | S54: 10 | T54: 3
A55: Из них запущено ранее | B55: 0 | M55: 44385 | N55: 255 | O55: 70 | P55: 27 | Q55: 251 | R55: 17 | S55: 7 | T55: 0
A56: Самозапуск | B56: 0 | M56: 44406 | N56: 264 | O56: 125 | P56: 47 | Q56: 257 | R56: 24 | S56: 9 | T56: 2
A57: Поздний запуск | B57: 0 | M57: 44427 | N57: 268 | O57: 0 | P57: 0 | Q57: 268 | R57: 0 | S57: 0 | T57: 0
A58: Анализ Сухостойных коров | B58: 4 | C58: 0 | D58: 57 | E58: SUM %49.ddat.cdat=217 %49.ddat.cdat=224 FOR RC=6 | M58: 44448 | N58: 309 | O58: 95 | P58: 31 | Q58: 304 | R58: 34 | S58: 11 | T58: 7
B59: 0.07 | C59: 0 | D59: 0.93 | M59: 44469 | N59: 292 | O59: 86 | P59: 29 | Q59: 289 | R59: 36 | S59: 12 | T59: 4
B60: DCC<217 | C60: DCC=217-223 | D60: DCC>223 | M60: 44490 | N60: 245 | O60: 96 | P60: 39 | Q60: 244 | R60: 34 | S60: 14 | T60: 1
A61: Запуск в поздний сухостой | E61: GRAPH %49.cudat.cdat for cudat>-7 | M61: 44511 | N61: 179 | O61: 80 | P61: 45 | Q61: 178 | R61: 41 | S61: 23 | T61: 3
A62: Должно | B62: 11 | E62: LIST ID cudat RPRO %50.cdat.247 dcc FOR %50.cdat.247=1/11/21-7/11/21 LACT>0\a | M62: 44532 | N62: 152 | O62: 83 | P62: 55 | Q62: 146 | R62: 39 | S62: 27 | T62: 1
A63: Перевели раньше | B63: 3 | M63: 44553 | N63: 127 | O63: 73 | P63: 57 | Q63: 0 | R63: 0 | S63: 0 | T63: 0
A64: Перевели позже | M64: 44574 | N64: 83 | O64: 58 | P64: 70 | Q64: 0 | R64: 0 | S64: 0 | T64: 0
A65: Дни стельности при переводе | M65: Всего | N65: 4220 | O65: 1575 | P65: 37 | Q65: 4173 | R65: 538 | S65: 13 | T65: 50
A67: переведено по факту | B67: 23
A69: Показатели фермы
A70: Стельных коров | B70: 16 - Отёлов | C70: PCT DCC>0 FOR LACT>0
A71: Средние дни в доении | B71: 12 - живых телят получено | C71: SUM DIM FOR LACT>0
A72: Сервис период | B72: 176 - средние дни сервис периода | C72: SUM DOPN FOR LACT>0
A73: Средний надой | B73: 27- средний надой за неделю | C73: SUM WMLK1 FOR LACT>0 DDAT=0
A74: % Плодотворного | B74: 13 827 - Средний валовый надой в сутки | C74: BREDSUM\Cd180
B75: 21 - Коров осеменено | C75: BREDSUM\ED180
B76: 14 - Коров проверено на стельность | C76: SUM FOR DIM>83 tbrd=0
B77: 8 - Стельных | C77: SUM DCC=1 FOR DIM>150
B78: 20 - Голов взвешено | C78: EVENTS\3s7
B79: 3 - Телок выбыло | C79: BREDSUM\Cyd180
B80: 14 - Коров выбыло | C80: BREDSUM\EYD180
B81: 14% - Холостых >17 месяцев | C81: SUM DCC=1 FOR AGE>17 LACT=0
A94: KPI
A95: Показатель | B95: Прошлый результат | C95: Текущий результат | D95: Средний
A96: % Плодотворного, коровы | B96: 0.5 | C96: 0.49 | D96: 0.35
A97: Индекс стельности (PregRate) коров | B97: 0.28 | C97: 0.24 | D97: 0.13
A98: Индекс осеменения (HeatDetectionRate) коров | B98: 0.55 | C98: 0.48 | D98: 0.37
A99: % Нестельных коров >150 дней лактации | B99: 0.29 | C99: 0.34 | D99: 0.31
A100: % Стельных коров в стаде | B100: 0.47 | C100: 0.5 | D100: 0.49
A101: Средний день лактации | B101: 260 | C101: 240 | D101: 250
A102: Среднесуточное кол-во молока | B102: 27,2 кг | C102: 27.7 кг | D102: 26,5 кг
A103: Сервис период, дней | B103: 165 | C103: 176 | D103: 170
A104: Средних дней в Сухостое | B104: 59
A105: Дней сухостоя <45 | B105: 1 | C105: 0 | D105: 1
A106: Дней сухостоя >70 | B106: 6 | C106: 0 | D106: 3
A107: % выбывших коров Дней=0-60 | B107: 0.07 | C107: 0 | D107: 0.11
A108: % Мертворожденных | B108: 0.06 | C108: 0.17 | D108: 0.09
A111: Сравнение с клиентами
A113: Показатель | B113: Ср. HM | C113: Ваш | D113: Лучший
A114: % Плодотворного, коровы | B114: 0.4 | C114: 0.42 | D114: 0.67
A115: Индекс стельности (PregRate) коров | B115: 0.2 | C115: 0.24 | D115: 0.37
A116: Индекс осеменения (HeatDetectionRate) коров | B116: 0.53 | C116: 0.56 | D116: 0.82
A117: Среднесуточное кол-во молока | B117: >=27 кг | C117: 34,7 кг | D117: 40 кг
A118: % выбывших коров Дней=0-60 | B118: 0.1 | C118: 0.05 | D118: 0.03
A121: Молочная продуктивность
...

Sheet не трогать2
A1: 1-й день | B1: 2-й день | C1: 3-й день
A2: 9:00 Интерфейс программы | B2: 9:00 Создание пунктов коровы | C2: 9:00 Анализ отела и событий команда EVENTS;
A3: 10:45 Общая структура команд программы | B3: 10:45 Настройка меню | C3: 10:45 График событий команда EGRAPH;
A4: 12:00 Обед | B4: 12:00 Обед | C4: 12:00 Обед;
A5: 13:00 Обзор ТМР-трекер - Стюфляев | B5: 13:00 Обзор Идентификации - Макаров | C5: 13:00 Обзор HeaTime - Герасимов
A6: 13:30 Команды LIST/SHOW списки | B6: 13:30 Свободные отчеты команды SUM | C6: 13:30 Графики надоев и контрольные дойки PLOT;
A7: 14:45 Ввод информации, события, списки, контрольные дойки | B7: 14:30 Анализ воспроизводства команда Bredsum | C7: 14:10 Прогноз поголовья, мониторинг стада, выбытие ECON;
A8: 16:30 Меню ALTER настройка групп, техников, таблица отела, событий, вет. протоколов | B8: 16:30 Отчет доильного зала Parlor | C8: 15:10 Загрузка информации и добавление животных GRAPH.
B9: 17:00 CowValue | C9: 16:10 Генетическое планирование
C10: 16:30 Vas Platform HerdMonitor

Sheet не трогать3
A1: Отсутствует информация по предкам
A2: по отцу | B2: 74 | C2: SUM BY SID
A3: по матери | B3: 1416 | C3: SUM BY DID
A4: Отец матери | B4: 5542 | C4: SUM BY MGSID
A6: Взвешивание
A7: Вес при рождении отсутствует | B7: 1360 | C7: SUM BY BWT FOR LACT=0
A8: Отсутствует событие вес | B8: 4 | C8: SUM FOR %70.41=0 lact=0
A9: Таблица привесов | C9: SUM ADG ADGI BY AGE FOR LACT=0 AGE<12
A11: По ВОЗРМ | B11: Прц | C11: Кол-в | D11: Привес | E11: Ср ADGI
A12: 0-0 | B12: 13 | C12: 747 | D12: 0 | E12: 0
A13: 0-1 | B13: 12 | C13: 692 | D13: 0 | E13: 0
A14: 0-2 | B14: 11 | C14: 601 | D14: 0.76 | E14: 0.74
A15: 0-3 | B15: 9 | C15: 497 | D15: 0.87 | E15: 1.17
A16: 0-4 | B16: 11 | C16: 592 | D16: 0.82 | E16: 0.8
A17: 0-5 | B17: 7 | C17: 414 | D17: 0.83 | E17: 1.01
A18: 0-6 | B18: 5 | C18: 296 | D18: 0.81 | E18: 1.04
A19: 0-7 | B19: 6 | C19: 314 | D19: 0.83 | E19: 0.89
A20: 0-8 | B20: 6 | C20: 320 | D20: 0.75 | E20: 0.75
A21: 0-9 | B21: 5 | C21: 261 | D21: 0.76 | E21: 1.46
A22: 0-10 | B22: 6 | C22: 323 | D22: 0.75 | E22: 0.74
A23: 0-11 | B23: 10 | C23: 537 | D23: 0.76 | E23: 0.61
A24: Всего | B24: 100 | C24: 5594 | D24: 0.81 | E24: 0.91
A26: Вакцинация
A27: Контроль вакцинации в первые 100 дней жизни | C27: GRAPH VACC \T100AYP
A28: Зафиксированы случаи диареи | B28: 84 | C28: GRAPH DIARHEA FOR LACT=0\YD7
A29: Из них первичных | B29: 21
A30: Зафиксированы случаи пневмонии | B30: 19 | C30: GRAPH PNEU FOR LACT=0\YD7
A31: из них первичных | B31: 9
A33: Сохранность за 180 дней | C33: SUM BY BIMON BY ARMON FOR BDAT>-180 GNDR=F\B
A35: По МРОЖ | B35: Прц | C35: Кол-в | D35: Живых | E35: август | F35: сентябрь | G35: октябрь | H35: ноябрь | I35: декабрь | J35: Сохранность
A36: июн | B36: 7 | C36: 17 | D36: 16 | E36: 0 | F36: 0 | G36: 0 | H36: 1 | I36: 0 | J36: 0.94
A37: июл | B37: 12 | C37: 31 | D37: 29 | E37: 0 | F37: 1 | G37: 1 | H37: 0 | I37: 0 | J37: 0.94
A38: авг | B38: 15 | C38: 38 | D38: 36 | E38: 1 | F38: 0 | G38: 0 | H38: 0 | I38: 1 | J38: 0.95
A39: сен | B39: 7 | C39: 17 | D39: 16 | E39: 0 | F39: 0 | G39: 1 | H39: 0 | I39: 0 | J39: 0.94
A40: окт | B40: 24 | C40: 61 | D40: 60 | E40: 0 | F40: 0 | G40: 0 | H40: 1 | I40: 0 | J40: 0.98
A41: ноя | B41: 28 | C41: 69 | D41: 68 | E41: 0 | F41: 0 | G41: 0 | H41: 0 | I41: 1 | J41: 0.99
A42: дек | B42: 6 | C42: 16 | D42: 16 | E42: 0 | F42: 0 | G42: 0 | H42: 0 | I42: 0 | J42: 1
A43: Всего | B43: 100 | C43: 249 | D43: 241 | E43: 1 | F43: 1 | G43: 2 | H43: 2 | I43: 2 | J43: 0.97
A47: Причины выбытия молодняка | C47: ECON\E FOR LACT=0 GNDR=F
A48: УВЗ | B48: январь | C48: февраль | D48: март | E48: апрель | F48: май | G48: июнь | H48: июль | I48: август | J48: сентябрь | K48: октябрь | L48: ноябрь | M48: декабрь | N48: Общ
A49: Болезни органов дыха | B49: 0 | C49: 0 | D49: 0 | E49: 3 | F49: 1 | G49: 0 | H49: 0 | I49: 2 | J49: 1 | K49: 0 | L49: 0 | M49: 0 | N49: 7
A50: Мясокомбинат | B50: 1 | C50: 0 | D50: 0 | E50: 1 | F50: 0 | G50: 4 | H50: 0 | I50: 0 | J50: 0 | K50: 0 | L50: 0 | M50: 0 | N50: 6
A51: Гинеколоргия | B51: 0 | C51: 0 | D51: 0 | E51: 1 | F51: 0 | G51: 0 | H51: 0 | I51: 0 | J51: 0 | K51: 0 | L51: 0 | M51: 0 | N51: 1
A52: Болезнь внутр.Органо | B52: 1 | C52: 1 | D52: 2 | E52: 0 | F52: 3 | G52: 0 | H52: 1 | I52: 0 | J52: 0 | K52: 0 | L52: 0 | M52: 3 | N52: 11
A53: Болезни и травмы вым | B53: 3 | C53: 5 | D53: 0 | E53: 1 | F53: 2 | G53: 1 | H53: 2 | I53: 1 | J53: 2 | K53: 0 | L53: 0 | M53: 0 | N53: 17
A54: Кетоз/наруш.обмена в | B54: 0 | C54: 0 | D54: 1 | E54: 1 | F54: 1 | G54: 0 | H54: 0 | I54: 3 | J54: 2 | K54: 0 | L54: 0 | M54: 0 | N54: 8
A55: Болезни ЖКТ | B55: 2 | C55: 6 | D55: 2 | E55: 1 | F55: 0 | G55: 0 | H55: 0 | I55: 2 | J55: 0 | K55: 0 | L55: 0 | M55: 0 | N55: 13
A56: Травмы/ТБС | B56: 0 | C56: 0 | D56: 0 | E56: 0 | F56: 0 | G56: 0 | H56: 1 | I56: 0 | J56: 0 | K56: 0 | L56: 0 | M56: 1 | N56: 2
A57: Зообрак | B57: 0 | C57: 0 | D57: 0 | E57: 0 | F57: 1 | G57: 0 | H57: 0 | I57: 0 | J57: 0 | K57: 0 | L57: 0 | M57: 0 | N57: 1
A58: Бычки | B58: 0 | C58: 0 | D58: 0 | E58: 0 | F58: 0 | G58: 0 | H58: 1 | I58: 0 | J58: 0 | K58: 0 | L58: 0 | M58: 0 | N58: 1
A59: Воспроизводство | B59: 0 | C59: 0 | D59: 0 | E59: 0 | F59: 0 | G59: 0 | H59: 0 | I59: 0 | J59: 1 | K59: 0 | L59: 0 | M59: 0 | N59: 1
A61: Воспроизводство
A62: Возраст при первом осеменении | B62: 14 | C62: SUM AGEFB FOR TBRD>0 LACT=0
A63: 0 Осеменений >14 месяцев | B63: 4 | C63: SUM FOR TBRD=0 LACT=0 AGE>14
A64: Не стельных >17 месяцев | B64: 42 | C64: SUM FOR LACT=0 AGE>17 DCC=0
A65: Не проверены на стельность >60 дней | B65: 6 | C65: SUM FOR LACT=0 DSLH>60 RC=4
A66: Не отелились а должны | B66: 0 | C66: SUM FOR DCC>290 LACT=0
A67: Потеря стельности | B67: 4 | C67: GRAPH ABORT FOR LACT=0\YD7
A69: Прогноз отелов по семени | C69: SUM BY %130.due by %190.sirc.7 for lact=0 dcc>0
A71: По МПОТ | B71: Прц | C71: Количество | D71: Традицонное | E71: Сексированое
A72: 44551 | B72: 9 | C72: 28 | D72: 27 | E72: 1
A73: 44218 | B73: 10 | C73: 32 | D73: 24 | E73: 8
A74: фев22 | B74: 11 | C74: 37 | D74: 34 | E74: 3
A75: 44277 | B75: 11 | C75: 35 | D75: 30 | E75: 5
A76: 44308 | B76: 13 | C76: 41 | D76: 29 | E76: 12
A77: май22 | B77: 9 | C77: 30 | D77: 30 | E77: 0
A78: 44369 | B78: 17 | C78: 55 | D78: 54 | E78: 1
A79: 44399 | B79: 16 | C79: 53 | D79: 50 | E79: 3
A80: 44430 | B80: 4 | C80: 13 | D80: 12 | E80: 1
A81: Всего | B81: 100 | C81: 324 | D81: 290 | E81: 34
A84: События внесенные за неделю
A86: Событие | B86: Всего | C86: Понедельник | D86: Вторник | E86: Среда | F86: Четверг | G86: Пятница | H86: Суббота | I86: Воскресенье
A87: ПЕРПРОВ | B87: 1 | C87: 0 | D87: 0 | E87: 0 | F87: 0 | G87: 0 | H87: 1 | I87: 0
A88: ОХОТА | B88: 3 | C88: 0 | D88: 0 | E88: 0 | F88: 0 | G88: 0 | H88: 0 | I88: 3
A89: ОСЕМЕН | B89: 58 | C89: 2 | D89: 8 | E89: 3 | F89: 31 | G89: 4 | H89: 8 | I89: 2
A90: СТЕЛ | B90: 30 | C90: 0 | D90: 0 | E90: 0 | F90: 0 | G90: 0 | H90: 30 | I90: 0
A91: ХОЛ | B91: 28 | C91: 0 | D91: 0 | E91: 0 | F91: 0 | G91: 0 | H91: 28 | I91: 0
A92: ПЕРЕВОД | B92: 26 | C92: 11 | D92: 0 | E92: 3 | F92: 1 | G92: 5 | H92: 0 | I92: 6
A93: АБОРТ | B93: 1 | C93: 0 | D93: 0 | E93: 0 | F93: 0 | G93: 0 | H93: 1 | I93: 0
A94: НЕОСЕМ | B94: 4 | C94: 0 | D94: 0 | E94: 0 | F94: 0 | G94: 1 | H94: 3 | I94: 0
A95: ПНЕВМО | B95: 2 | C95: 1 | D95: 0 | E95: 0 | F95: 0 | G95: 0 | H95: 1 | I95: 0
A96: ПОЗСУХ | B96: 11 | C96: 3 | D96: 4 | E96: 4 | F96: 0 | G96: 0 | H96: 0 | I96: 0
A97: ВАКЦИН | B97: 496 | C97: 0 | D97: 0 | E97: 12 | F97: 124 | G97: 360 | H97: 0 | I97: 0
A98: ДИАРЕЯ | B98: 1 | C98: 0 | D98: 0 | E98: 0 | F98: 0 | G98: 0 | H98: 1 | I98: 0
... A101: ЛЕЙКОЗ | B101: 3 | C101: 3 | D101: 0 | E101: 0 | F101: 0 | G101: 0 | H101: 0 | I101: 0
A102: ИТОГО | B102: =SUM(B87:B101) -> 670 | C102: =SUM(C87:C101) -> 23 | D102: =SUM(D87:D101) -> 12 | E102: =SUM(E87:E101) -> 22 | F102: =SUM(F87:F101) -> 156 | G102: =SUM(G87:G101) -> 370 | H102: =SUM(H87:H101) -> 73 | I102: =SUM(I87:I101) -> 14

Sheet не трогать4
A1: Отсутствует информация по предкам
A2: по отцу | B2: 74 | C2: SUM BY SID
A3: по матери | B3: 1416 | C3: SUM BY DID
A4: Отец матери | B4: 5542 | C4: SUM BY MGSID
A6: Взвешивание
A7: Вес при рождении отсутствует | B7: 1360 | C7: SUM BY BWT FOR LACT=0
A8: Отсутствует событие вес | B8: 4 | C8: SUM FOR %70.41=0 lact=0
A9: Таблица привесов | C9: SUM ADG ADGI BY AGE FOR LACT=0 AGE<12
A11: По ВОЗРМ | B11: Прц | C11: Кол-в | D11: Ср ADG | E11: Ср ADGI
A12: 0-0 | B12: 13 | C12: 747 | D12: 0 | E12: 0
A13: 0-1 | B13: 12 | C13: 692 | D13: 0 | E13: 0
A14: 0-2 | B14: 11 | C14: 601 | D14: 0.76 | E14: 0.74
A15: 0-3 | B15: 9 | C15: 497 | D15: 0.87 | E15: 1.17
A16: 0-4 | B16: 11 | C16: 592 | D16: 0.82 | E16: 0.8
A17: 0-5 | B17: 7 | C17: 414 | D17: 0.83 | E17: 1.01
A18: 0-6 | B18: 5 | C18: 296 | D18: 0.81 | E18: 1.04
A19: 0-7 | B19: 6 | C19: 314 | D19: 0.83 | E19: 0.89
A20: 0-8 | B20: 6 | C20: 320 | D20: 0.75 | E20: 0.75
A21: 0-9 | B21: 5 | C21: 261 | D21: 0.76 | E21: 1.46
A22: 0-10 | B22: 6 | C22: 323 | D22: 0.75 | E22: 0.74
A23: 0-11 | B23: 10 | C23: 537 | D23: 0.76 | E23: 0.61
A24: Всего | B24: 100 | C24: 5594 | D24: 0.81 | E24: 0.91
A26: Вакцинация
A27: Контроль вакцинации в первые 100 дней жизни | C27: GRAPH VACC \T100AYP
A28: Зафиксированы случаи диареи | B28: 84 | C28: GRAPH DIARHEA FOR LACT=0\YD7
A29: Из них первичных | B29: 21
A30: Зафиксированы случаи пневмонии | B30: 19 | C30: GRAPH PNEU FOR LACT=0\YD7
A31: из них первичных | B31: 9
A33: Сохранность за 180 дней от даты рождения | C33: SUM BY BIMON BY ARMON FOR BDAT>-180 GNDR=F\B
A35: По МРОЖ | B35: Прц | C35: Кол-в | D35: ВЫБ=--- | E35: ВЫБ=авг | F35: ВЫБ=сен | G35: ВЫБ=дек | H35: ВЫБ=ноя | I35: ВЫБ=дек | J35: Сохранность
A36: 44368 | B36: 7 | C36: 17 | D36: 16 | E36: 0 | F36: 0 | G36: 0 | H36: 1 | I36: 0 | J36: 0.94
A37: 44398 | B37: 12 | C37: 31 | D37: 29 | E37: 0 | F37: 1 | G37: 0 | H37: 0 | I37: 0 | J37: 0.94
A38: 44429 | B38: 15 | C38: 38 | D38: 36 | E38: 1 | F38: 0 | G38: 1 | H38: 0 | I38: 1 | J38: 0.95
A39: сен21 | B39: 7 | C39: 17 | D39: 16 | E39: 0 | F39: 0 | G39: 0 | H39: 0 | I39: 0 | J39: 0.94
A40: 44490 | B40: 24 | C40: 61 | D40: 60 | E40: 0 | F40: 0 | G40: 0 | H40: 1 | I40: 0 | J40: 0.98
A41: ноя21 | B41: 28 | C41: 69 | D41: 68 | E41: 0 | F41: 0 | G41: 1 | H41: 0 | I41: 1 | J41: 0.99
A42: 44551 | B42: 6 | C42: 16 | D42: 16 | E42: 0 | F42: 0 | G42: 0 | H42: 0 | I42: 0 | J42: 1
A43: Всего | B43: 100 | C43: 249 | D43: 241 | E43: 1 | F43: 1 | G43: 2 | H43: 2 | I43: 2 | J43: 0.97
A45: Сохранность с момента ввода в стадо | C45: SUM by %130.edat by armon for edat>-180\b
A47: By T1025 | B47: Прц | C47: Кол-в | D47: --- | E47: июл | F47: авг | G47: ноя | H47: окт | I47: ноя | J47: дек | K47: %Сохранности
A48: 44398 | B48: 5 | C48: 117 | D48: 93 | E48: 10 | F48: 7 | G48: 1 | H48: 1 | I48: 1 | J48: 0 | K48: 0.79
A49: 44429 | B49: 6 | C49: 132 | D49: 96 | E49: 0 | F49: 14 | G49: 3 | H49: 7 | I49: 3 | J49: 7 | K49: 0.73
A50: сен21 | B50: 12 | C50: 255 | D50: 225 | E50: 0 | F50: 0 | G50: 5 | H50: 6 | I50: 5 | J50: 13 | K50: 0.88
A51: 44490 | B51: 25 | C51: 524 | D51: 475 | E51: 0 | F51: 0 | G51: 26 | H51: 9 | I51: 26 | J51: 14 | K51: 0.91
A52: ноя21 | B52: 27 | C52: 572 | D52: 482 | E52: 0 | F52: 1 | G52: 47 | H52: 0 | I52: 47 | J52: 42 | K52: 0.84
A53: 44551 | B53: 25 | C53: 538 | D53: 484 | E53: 0 | F53: 0 | G53: 2 | H53: 0 | I53: 2 | J53: 52 | K53: 0.9
A54: Всего | B54: 100 | C54: 2138 | D54: 1855 | E54: 10 | F54: 22 | G54: 84 | H54: 23 | I54: 84 | J54: 128 | K54: 0.87
A60: Причины выбытия молодняка | C60: ECON\E FOR LACT=0
A61: Причины выбытия молодняка | B61: январь | C61: февраль | D61: март | E61: апрель | F61: май | G61: август | H61: июль | I61: август | J61: сентябрь | K61: октябрь | L61: ноябрь | M61: декабрь | N61: Общ
A62: Болезни органов дыха | B62: 0 | C62: 0 | D62: 0 | E62: 3 | F62: 1 | G62: 2 | H62: 0 | I62: 2 | J62: 1 | K62: 0 | L62: 0 | M62: 0 | N62: 7
A63: Мясокомбинат | B63: 1 | C63: 0 | D63: 0 | E63: 1 | F63: 0 | G63: 0 | H63: 0 | I63: 0 | J63: 0 | K63: 0 | L63: 0 | M63: 0 | N63: 6
A64: Гинеколоргия | B64: 0 | C64: 0 | D64: 0 | E64: 1 | F64: 0 | G64: 0 | H64: 0 | I64: 0 | J64: 0 | K64: 0 | L64: 0 | M64: 0 | N64: 1
A65: Болезнь внутр.Органо | B65: 1 | C65: 1 | D65: 2 | E65: 0 | F65: 3 | G65: 0 | H65: 1 | I65: 0 | J65: 0 | K65: 0 | L65: 0 | M65: 3 | N65: 11
A66: Болезни и травмы вым | B66: 3 | C66: 5 | D66: 0 | E66: 1 | F66: 2 | G66: 1 | H66: 2 | I66: 1 | J66: 2 | K66: 0 | L66: 0 | M66: 0 | N66: 17
A67: Кетоз/наруш.обмена в | B67: 0 | C67: 0 | D67: 1 | E67: 1 | F67: 1 | G67: 3 | H67: 0 | I67: 3 | J67: 2 | K67: 0 | L67: 0 | M67: 0 | N67: 8
A68: Болезни ЖКТ | B68: 2 | C68: 6 | D68: 2 | E68: 1 | F68: 0 | G68: 2 | H68: 0 | I68: 2 | J68: 0 | K68: 0 | L68: 0 | M68: 0 | N68: 13
A69: Травмы/ТБС | B69: 0 | C69: 0 | D69: 0 | E69: 0 | F69: 0 | G69: 0 | H69: 1 | I69: 0 | J69: 0 | K69: 0 | L69: 0 | M69: 1 | N69: 2
A70: Зообрак | B70: 0 | C70: 0 | D70: 0 | E70: 0 | F70: 1 | G70: 0 | H70: 0 | I70: 0 | J70: 0 | K70: 0 | L70: 0 | M70: 0 | N70: 1
A71: Бычки | B71: 0 | C71: 0 | D71: 0 | E71: 0 | F71: 0 | G71: 0 | H71: 1 | I71: 0 | J71: 0 | K71: 0 | L71: 0 | M71: 0 | N71: 1
A72: Воспроизводство | B72: 0 | C72: 0 | D72: 0 | E72: 0 | F72: 0 | G72: 0 | H72: 0 | I72: 0 | J72: 1 | K72: 0 | L72: 0 | M72: 0 | N72: 1
A74: Возраст при выбытии за последнюю неделю | B74: 63 дня | C74: sum %49.ardat.bdat for lact=0 ardat>-7\d
A76: События внесенные за неделю
A78: Событие | B78: Всего | C78: Пн | D78: Вт | E78: Ср | F78: Чт | G78: Вс | H78: Сб | I78: Вс
A79: ПЕРЕВОД | B79: 26 | C79: 11 | D79: 0 | E79: 3 | F79: 1 | G79: 6 | H79: 0 | I79: 6
A80: ПНЕВМО | B80: 2 | C80: 1 | D80: 0 | E80: 0 | F80: 0 | G80: 0 | H80: 1 | I80: 0
A81: ПОЗСУХ | B81: 11 | C81: 3 | D81: 4 | E81: 4 | F81: 0 | G81: 0 | H81: 0 | I81: 0
A82: ВАКЦИН | B82: 496 | C82: 0 | D82: 0 | E82: 12 | F82: 124 | G82: 0 | H82: 0 | I82: 0
A83: ДИАРЕЯ | B83: 1 | C83: 0 | D83: 0 | E83: 0 | F83: 0 | G83: 0 | H83: 1 | I83: 0
A84: ВЕС | B84: 3 | C84: 3 | D84: 0 | E84: 0 | F84: 0 | G84: 0 | H84: 0 | I84: 0
A85: ИТОГО | B85: =SUM(B79:B84) -> 539 | C85: =SUM(C79:C84) -> 18 | D85: =SUM(D79:D84) -> 4 | E85: =SUM(E79:E84) -> 19 | F85: =SUM(F79:F84) -> 125 | G85: =SUM(G79:G84) -> 6 | H85: =SUM(H79:H84) -> 2 | I85: =SUM(I79:I84) -> 6
