Workbook

Sheet Отчет АРКА
F25: ="Еженедельный отчет" -> Еженедельный отчет
F26: ARKA
F28: ='Лист1'!B1 -> КолоСС МТФ Рогожино - 1, 2
A38: ЕЖЕНЕДЕЛЬНЫЙ ОТЧЕТ 09.08.2026-15.08.2026
A41: ОБЩЕЕ
G44: ='Лист1'!B2 -> 4446 | J44: ='Лист1'!B3 -> 50 % | N44: ='Лист1'!B4 -> 35 % | Q44: ='Лист1'!B5 -> 374 | T44: ='Лист1'!B6 -> 32
F46: Коров | I46: Стельных | M46: Первотёлок | P46: DNB | S46: Средний надой
A48: ВОСПРОИЗВОДСТВО
G51: ='Лист1'!B7 -> 188.7 | K51: ='Лист1'!B10 -> 35 % | P51: ='Лист1'!B8 -> 57 % | U51: ='Лист1'!B9 -> 19 %
F53: DIM | J53: CR | O53: HD | T53: PR
A55: ЗДОРОВЬЕ
H58: ='Лист1'!B12 -> 0.14344685 | N58: ='Лист1'!B13 -> 0.010252905 | T58: ='Лист1'!B14 -> 8 %
G60: Выбытие до 60 дня коров | M60: Сохранность телок за год | S60: Брак коров
B68: www.dfsoft.ru | E68: ="+7-800-707-7-305" -> +7-800-707-7-305 | I68: dc305@dc305.ru
A71: ВЫПОЛНЕНИЕ ТЕХНОЛОГИЧЕСКОЙ КАРТЫ
B73: Выполнение технологической карты
B74: ='Лист1'!A18 -> Задача | D74: ='Лист1'!B18 -> Вс | E74: ='Лист1'!C18 -> Пн | F74: ='Лист1'!D18 -> Вт | G74: ='Лист1'!E18 -> Ср | H74: ='Лист1'!F18 -> Чт | I74: ='Лист1'!G18 -> Пт | J74: ='Лист1'!H18 -> Сб | L74: Запуск по дням стельности | T74: 1-е осеменение
B75: ='Лист1'!A19 -> G7G | D75: ='Лист1'!B19 -> 0 | E75: ='Лист1'!C19 -> 0 | F75: ='Лист1'!D19 -> 0 | G75: ='Лист1'!E19 -> 0 | H75: ='Лист1'!F19 -> 0 | I75: ='Лист1'!G19 -> 0 | J75: ='Лист1'!H19 -> 59
B76: ='Лист1'!A20 -> Ресинх | D76: ='Лист1'!B20 -> 0 | E76: ='Лист1'!C20 -> 222 | F76: ='Лист1'!D20 -> 0 | G76: ='Лист1'!E20 -> 0 | H76: ='Лист1'!F20 -> 0 | I76: ='Лист1'!G20 -> 0 | J76: ='Лист1'!H20 -> 0
B77: ='Лист1'!A21 -> Аборт | D77: ='Лист1'!B21 -> 0 | E77: ='Лист1'!C21 -> 9 | F77: ='Лист1'!D21 -> 0 | G77: ='Лист1'!E21 -> 0 | H77: ='Лист1'!F21 -> 0 | I77: ='Лист1'!G21 -> 0 | J77: ='Лист1'!H21 -> 0
B78: ='Лист1'!A22 -> Брак | D78: ='Лист1'!B22 -> 0 | E78: ='Лист1'!C22 -> 9 | F78: ='Лист1'!D22 -> 0 | G78: ='Лист1'!E22 -> 0 | H78: ='Лист1'!F22 -> 2 | I78: ='Лист1'!G22 -> 3 | J78: ='Лист1'!H22 -> 0
B79: ='Лист1'!A23 -> Нестельная | D79: ='Лист1'!B23 -> 0 | E79: ='Лист1'!C23 -> 116 | F79: ='Лист1'!D23 -> 0 | G79: ='Лист1'!E23 -> 0 | H79: ='Лист1'!F23 -> 0 | I79: ='Лист1'!G23 -> 0 | J79: ='Лист1'!H23 -> 0
B80: ='Лист1'!A24 -> Отел | D80: ='Лист1'!B24 -> 17 | E80: ='Лист1'!C24 -> 14 | F80: ='Лист1'!D24 -> 15 | G80: ='Лист1'!E24 -> 8 | H80: ='Лист1'!F24 -> 13 | I80: ='Лист1'!G24 -> 16 | J80: ='Лист1'!H24 -> 3
B81: ='Лист1'!A25 -> Падёж | D81: ='Лист1'!B25 -> 1 | E81: ='Лист1'!C25 -> 0 | F81: ='Лист1'!D25 -> 1 | G81: ='Лист1'!E25 -> 1 | H81: ='Лист1'!F25 -> 1 | I81: ='Лист1'!G25 -> 0 | J81: ='Лист1'!H25 -> 0
B82: ='Лист1'!A26 -> Стельная | D82: ='Лист1'!B26 -> 0 | E82: ='Лист1'!C26 -> 213 | F82: ='Лист1'!D26 -> 0 | G82: ='Лист1'!E26 -> 0 | H82: ='Лист1'!F26 -> 0 | I82: ='Лист1'!G26 -> 1 | J82: ='Лист1'!H26 -> 0
B83: ='Лист1'!A27 -> Взвешивание | D83: ='Лист1'!B27 -> 0 | E83: ='Лист1'!C27 -> 0 | F83: ='Лист1'!D27 -> 0 | G83: ='Лист1'!E27 -> 0 | H83: ='Лист1'!F27 -> 0 | I83: ='Лист1'!G27 -> 0 | J83: ='Лист1'!H27 -> 0
B84: ='Лист1'!A28 -> Забой | D84: ='Лист1'!B28 -> 0 | E84: ='Лист1'!C28 -> 0 | F84: ='Лист1'!D28 -> 0 | G84: ='Лист1'!E28 -> 0 | H84: ='Лист1'!F28 -> 0 | I84: ='Лист1'!G28 -> 0 | J84: ='Лист1'!H28 -> 0
B85: ='Лист1'!A29 -> Обезроживание | D85: ='Лист1'!B29 -> 0 | E85: ='Лист1'!C29 -> 0 | F85: ='Лист1'!D29 -> 0 | G85: ='Лист1'!E29 -> 0 | H85: ='Лист1'!F29 -> 0 | I85: ='Лист1'!G29 -> 0 | J85: ='Лист1'!H29 -> 0
B86: ='Лист1'!A30 -> Осеменение | D86: ='Лист1'!B30 -> 0 | E86: ='Лист1'!C30 -> 2 | F86: ='Лист1'!D30 -> 0 | G86: ='Лист1'!E30 -> 0 | H86: ='Лист1'!F30 -> 107 | I86: ='Лист1'!G30 -> 80 | J86: ='Лист1'!H30 -> 0
B87: ='Лист1'!A31 -> Перебирковка | D87: ='Лист1'!B31 -> 0 | E87: ='Лист1'!C31 -> 0 | F87: ='Лист1'!D31 -> 0 | G87: ='Лист1'!E31 -> 0 | H87: ='Лист1'!F31 -> 0 | I87: ='Лист1'!G31 -> 0 | J87: ='Лист1'!H31 -> 0 | L87: Стельность | T87: 2-е осеменение
B88: ='Лист1'!A32 -> Перевод | D88: ='Лист1'!B32 -> 177 | E88: ='Лист1'!C32 -> 113 | F88: ='Лист1'!D32 -> 192 | G88: ='Лист1'!E32 -> 233 | H88: ='Лист1'!F32 -> 104 | I88: ='Лист1'!G32 -> 100 | J88: ='Лист1'!H32 -> 19
B89: ='Лист1'!A33 -> Поздний сухостой | D89: ='Лист1'!B33 -> 0 | E89: ='Лист1'!C33 -> 0 | F89: ='Лист1'!D33 -> 50 | G89: ='Лист1'!E33 -> 0 | H89: ='Лист1'!F33 -> 31 | I89: ='Лист1'!G33 -> 0 | J89: ='Лист1'!H33 -> 0
B90: ='Лист1'!A34 -> Сухостой | D90: ='Лист1'!B34 -> 0 | E90: ='Лист1'!C34 -> 0 | F90: ='Лист1'!D34 -> 0 | G90: ='Лист1'!E34 -> 77 | H90: ='Лист1'!F34 -> 0 | I90: ='Лист1'!G34 -> 0 | J90: ='Лист1'!H34 -> 0
B91: ='Лист1'!A35 -> Продажа | D91: ='Лист1'!B35 -> 1 | E91: ='Лист1'!C35 -> 6 | F91: ='Лист1'!D35 -> 6 | G91: ='Лист1'!E35 -> 6 | H91: ='Лист1'!F35 -> 53 | I91: ='Лист1'!G35 -> 53 | J91: ='Лист1'!H35 -> 0
B92: ='Лист1'!A36 -> Диарея | D92: ='Лист1'!B36 -> 0 | E92: ='Лист1'!C36 -> 0 | F92: ='Лист1'!D36 -> 0 | G92: ='Лист1'!E36 -> 0 | H92: ='Лист1'!F36 -> 0 | I92: ='Лист1'!G36 -> 0 | J92: ='Лист1'!H36 -> 0
B93: ='Лист1'!A37 -> Кетоз | D93: ='Лист1'!B37 -> 0 | E93: ='Лист1'!C37 -> 0 | F93: ='Лист1'!D37 -> 0 | G93: ='Лист1'!E37 -> 0 | H93: ='Лист1'!F37 -> 0 | I93: ='Лист1'!G37 -> 0 | J93: ='Лист1'!H37 -> 0
B94: ='Лист1'!A38 -> Мастит | D94: ='Лист1'!B38 -> 16 | E94: ='Лист1'!C38 -> 15 | F94: ='Лист1'!D38 -> 23 | G94: ='Лист1'!E38 -> 16 | H94: ='Лист1'!F38 -> 17 | I94: ='Лист1'!G38 -> 15 | J94: ='Лист1'!H38 -> 0
B95: ='Лист1'!A39 -> Молочная лихорадка, Парез | D95: ='Лист1'!B39 -> 3 | E95: ='Лист1'!C39 -> 1 | F95: ='Лист1'!D39 -> 2 | G95: ='Лист1'!E39 -> 1 | H95: ='Лист1'!F39 -> 0 | I95: ='Лист1'!G39 -> 1 | J95: ='Лист1'!H39 -> 0
B96: ='Лист1'!A40 -> Послеродовой парез | D96: ='Лист1'!B40 -> 0 | E96: ='Лист1'!C40 -> 0 | F96: ='Лист1'!D40 -> 0 | G96: ='Лист1'!E40 -> 0 | H96: ='Лист1'!F40 -> 0 | I96: ='Лист1'!G40 -> 0 | J96: ='Лист1'!H40 -> 0
B97: ='Лист1'!A41 -> Субклинический мастит | D97: ='Лист1'!B41 -> 0 | E97: ='Лист1'!C41 -> 0 | F97: ='Лист1'!D41 -> 0 | G97: ='Лист1'!E41 -> 0 | H97: ='Лист1'!F41 -> 0 | I97: ='Лист1'!G41 -> 0 | J97: ='Лист1'!H41 -> 0
B98: ='Лист1'!A42 -> Хромота | D98: ='Лист1'!B42 -> 8 | E98: ='Лист1'!C42 -> 25 | F98: ='Лист1'!D42 -> 15 | G98: ='Лист1'!E42 -> 18 | H98: ='Лист1'!F42 -> 22 | I98: ='Лист1'!G42 -> 11 | J98: ='Лист1'!H42 -> 0
B99: ='Лист1'!A43 -> Эндометрит | D99: ='Лист1'!B43 -> 1 | E99: ='Лист1'!C43 -> 3 | F99: ='Лист1'!D43 -> 8 | G99: ='Лист1'!E43 -> 3 | H99: ='Лист1'!F43 -> 2 | I99: ='Лист1'!G43 -> 3 | J99: ='Лист1'!H43 -> 0
... B102: ='Лист1'!A46 | D102: ='Лист1'!B46 | E102: ='Лист1'!C46 | F102: ='Лист1'!D46 | G102: ='Лист1'!E46 | H102: ='Лист1'!F46 | I102: ='Лист1'!G46 | J102: ='Лист1'!H46
B106: www.dfsoft.ru | E106: ="+7-800-707-7-305" -> +7-800-707-7-305 | I106: dc305@dc305.ru
A109: РЕЗУЛЬТАТ ЗА НЕДЕЛЮ
B111: Телка и Бычок | K111: =IFERROR(__xludf.DUMMYFUNCTION("""Проверка УЗИ c ""&to_text('Проверка УЗИ'!B7)"),"Проверка УЗИ c 25.07.26") -> Проверка УЗИ c 25.07.26 | S111: Выбытие телят до 6 месяцев
B124: Надой | S124: Выбытие до 60 дня доения
B145: www.dfsoft.ru | E145: ="+7-800-707-7-305" -> +7-800-707-7-305 | I145: dc305@dc305.ru
A147: СОХРАННОСТЬ КОРОВ ДО 60 ДНЯ ДОЕНИЯ
P151: ='Выбытие до 60 дней за год'!A1 -> МЕСЯЦ | R151: ='Выбытие до 60 дней за год'!B1 -> ОТЕЛ | T151: ='Выбытие до 60 дней за год'!C1 -> ВЫБЫТИЕ | W151: ='Выбытие до 60 дней за год'!D1 -> СОХРАННОСТЬ
P152: ='Выбытие до 60 дней за год'!A2 -> сен 2025 | R152: ='Выбытие до 60 дней за год'!B2 -> 462 | T152: ='Выбытие до 60 дней за год'!C2 -> 70 | W152: ='Выбытие до 60 дней за год'!D2 -> 0.84848485
P153: ='Выбытие до 60 дней за год'!A3 -> 45931 | R153: ='Выбытие до 60 дней за год'!B3 -> 460 | T153: ='Выбытие до 60 дней за год'!C3 -> 46 | W153: ='Выбытие до 60 дней за год'!D3 -> 0.9
P154: ='Выбытие до 60 дней за год'!A4 -> ноя 2025 | R154: ='Выбытие до 60 дней за год'!B4 -> 314 | T154: ='Выбытие до 60 дней за год'!C4 -> 37 | W154: ='Выбытие до 60 дней за год'!D4 -> 0.88216561
P155: ='Выбытие до 60 дней за год'!A5 -> 45992 | R155: ='Выбытие до 60 дней за год'!B5 -> 477 | T155: ='Выбытие до 60 дней за год'!C5 -> 78 | W155: ='Выбытие до 60 дней за год'!D5 -> 0.83647799
P156: ='Выбытие до 60 дней за год'!A6 -> 46023 | R156: ='Выбытие до 60 дней за год'!B6 -> 467 | T156: ='Выбытие до 60 дней за год'!C6 -> 75 | W156: ='Выбытие до 60 дней за год'!D6 -> 0.83940043
P157: ='Выбытие до 60 дней за год'!A7 -> фев 2026 | R157: ='Выбытие до 60 дней за год'!B7 -> 446 | T157: ='Выбытие до 60 дней за год'!C7 -> 61 | W157: ='Выбытие до 60 дней за год'!D7 -> 0.8632287
P158: ='Выбытие до 60 дней за год'!A8 -> 46082 | R158: ='Выбытие до 60 дней за год'!B8 -> 461 | T158: ='Выбытие до 60 дней за год'!C8 -> 64 | W158: ='Выбытие до 60 дней за год'!D8 -> 0.86117137
P159: ='Выбытие до 60 дней за год'!A9 -> 46113 | R159: ='Выбытие до 60 дней за год'!B9 -> 317 | T159: ='Выбытие до 60 дней за год'!C9 -> 50 | W159: ='Выбытие до 60 дней за год'!D9 -> 0.84227129
P160: ='Выбытие до 60 дней за год'!A10 -> май 2026 | R160: ='Выбытие до 60 дней за год'!B10 -> 434 | T160: ='Выбытие до 60 дней за год'!C10 -> 97 | W160: ='Выбытие до 60 дней за год'!D10 -> 0.7764977
P161: ='Выбытие до 60 дней за год'!A11 -> 46174 | R161: ='Выбытие до 60 дней за год'!B11 -> 370 | T161: ='Выбытие до 60 дней за год'!C11 -> 69 | W161: ='Выбытие до 60 дней за год'!D11 -> 0.81351351
P162: ='Выбытие до 60 дней за год'!A12 -> 46204 | R162: ='Выбытие до 60 дней за год'!B12 -> 384 | T162: ='Выбытие до 60 дней за год'!C12 -> 35 | W162: ='Выбытие до 60 дней за год'!D12 -> 0.90885417
... P164: ='Выбытие до 60 дней за год'!A14 -> ИТОГО | R164: ='Выбытие до 60 дней за год'!B14 -> 4845 | T164: ='Выбытие до 60 дней за год'!C14 -> 695 | W164: ='Выбытие до 60 дней за год'!D14 -> 0.85655315
B183: www.dfsoft.ru | E183: ="+7-800-707-7-305" -> +7-800-707-7-305 | I183: dc305@dc305.ru
A185: СОХРАННОСТЬ ТЕЛОК
O192: ='Сохранность молодняка'!A1 -> Месяц рождения | R192: ='Сохранность молодняка'!B1 -> Рождено | T192: ='Сохранность молодняка'!C1 -> Живых | W192: ='Сохранность молодняка'!D1 -> %Сохранности
O193: ='Сохранность молодняка'!A2 -> 46082 | R193: ='Сохранность молодняка'!B2 -> 294 | T193: ='Сохранность молодняка'!C2 | W193: ='Сохранность молодняка'!D2 -> 0
O194: ='Сохранность молодняка'!A3 -> 46113 | R194: ='Сохранность молодняка'!B3 -> 205 | T194: ='Сохранность молодняка'!C3 | W194: ='Сохранность молодняка'!D3 -> 0
O195: ='Сохранность молодняка'!A4 -> 46143 | R195: ='Сохранность молодняка'!B4 -> 292 | T195: ='Сохранность молодняка'!C4 | W195: ='Сохранность молодняка'!D4 -> 0
O196: ='Сохранность молодняка'!A5 -> 46174 | R196: ='Сохранность молодняка'!B5 -> 256 | T196: ='Сохранность молодняка'!C5 | W196: ='Сохранность молодняка'!D5 -> 0
O197: ='Сохранность молодняка'!A6 -> 46204 | R197: ='Сохранность молодняка'!B6 -> 268 | T197: ='Сохранность молодняка'!C6 | W197: ='Сохранность молодняка'!D6 -> 0
O198: ='Сохранность молодняка'!A7 -> 46235 | R198: ='Сохранность молодняка'!B7 -> 148 | T198: ='Сохранность молодняка'!C7 -> 15 | W198: ='Сохранность молодняка'!D7 -> 0.10135135
O199: ='Сохранность молодняка'!A8 -> ИТОГО | R199: ='Сохранность молодняка'!B8 -> 1463 | T199: ='Сохранность молодняка'!C8 -> 15 | W199: ='Сохранность молодняка'!D8 -> 0.010252905
O200: Переведены на другие площидки КолоСС
B220: www.dfsoft.ru | E220: ="+7-800-707-7-305" -> +7-800-707-7-305 | I220: dc305@dc305.ru
A222: PREGRATE
B257: www.dfsoft.ru | E257: ="+7-800-707-7-305" -> +7-800-707-7-305 | I257: dc305@dc305.ru | L257: =PregRate!B43 | N257: =PregRate!C43 | P257: =PregRate!D43 | R257: =PregRate!E43 | T257: =PregRate!F43 | V257: =PregRate!G43 | X257: =PregRate!H43
J258: =PregRate!A44
A261: НАДОЙ И ПРОГНОЗ
B263: Дойных коров и Валовый надой сутки
B274: Поголовье и Вал
B294: www.dfsoft.ru | E294: ="+7-800-707-7-305" -> +7-800-707-7-305 | I294: dc305@dc305.ru
A297: СПИСОК ПРОПУЩЕННЫХ ЖИВОТНЫХ С ИО
B299: ='Список пропущеных животных с И'!A1 -> Номер животного | E299: ='Список пропущеных животных с И'!B1 -> Дни в доении | H299: ='Список пропущеных животных с И'!C1 -> № Лактации | K299: ='Список пропущеных животных с И'!D1 -> Репро-статус | N299: ='Список пропущеных животных с И'!E1 -> Номер животного | Q299: ='Список пропущеных животных с И'!F1 -> Дни в доении | T299: ='Список пропущеных животных с И'!G1 -> № Лактации | W299: ='Список пропущеных животных с И'!H1 -> Репро-статус
B301: ='Список пропущеных животных с И'!A2 -> 117004 | E301: ='Список пропущеных животных с И'!B2 -> 74 | H301: ='Список пропущеных животных с И'!C2 -> 1 | K301: ='Список пропущеных животных с И'!D2 -> Новотельное | N301: ='Список пропущеных животных с И'!E2 -> 710048 | Q301: ='Список пропущеных животных с И'!F2 -> 84 | T301: ='Список пропущеных животных с И'!G2 -> 3 | W301: ='Список пропущеных животных с И'!H2 -> Новотельное
B302: ='Список пропущеных животных с И'!A3 | E302: ='Список пропущеных животных с И'!B3 | H302: ='Список пропущеных животных с И'!C3 | K302: ='Список пропущеных животных с И'!D3 | N302: ='Список пропущеных животных с И'!E3 | Q302: ='Список пропущеных животных с И'!F3 | T302: ='Список пропущеных животных с И'!G3 | W302: ='Список пропущеных животных с И'!H3
B303: ='Список пропущеных животных с И'!A4 | E303: ='Список пропущеных животных с И'!B4 | H303: ='Список пропущеных животных с И'!C4 | K303: ='Список пропущеных животных с И'!D4 | N303: ='Список пропущеных животных с И'!E4 -> Итого: 2 | Q303: ='Список пропущеных животных с И'!F4 | T303: ='Список пропущеных животных с И'!G4 | W303: ='Список пропущеных животных с И'!H4
B304: ='Список пропущеных животных с И'!A5 | E304: ='Список пропущеных животных с И'!B5 | H304: ='Список пропущеных животных с И'!C5 | K304: ='Список пропущеных животных с И'!D5 | N304: ='Список пропущеных животных с И'!E5 | Q304: ='Список пропущеных животных с И'!F5 | T304: ='Список пропущеных животных с И'!G5 | W304: ='Список пропущеных животных с И'!H5
B305: ='Список пропущеных животных с И'!A6 | E305: ='Список пропущеных животных с И'!B6 | H305: ='Список пропущеных животных с И'!C6 | K305: ='Список пропущеных животных с И'!D6 | N305: ='Список пропущеных животных с И'!E6 | Q305: ='Список пропущеных животных с И'!F6 | T305: ='Список пропущеных животных с И'!G6 | W305: ='Список пропущеных животных с И'!H6
B306: ='Список пропущеных животных с И'!A7 | E306: ='Список пропущеных животных с И'!B7 | H306: ='Список пропущеных животных с И'!C7 | K306: ='Список пропущеных животных с И'!D7 | N306: ='Список пропущеных животных с И'!E7 | Q306: ='Список пропущеных животных с И'!F7 | T306: ='Список пропущеных животных с И'!G7 | W306: ='Список пропущеных животных с И'!H7
B307: ='Список пропущеных животных с И'!A8 | E307: ='Список пропущеных животных с И'!B8 | H307: ='Список пропущеных животных с И'!C8 | K307: ='Список пропущеных животных с И'!D8 | N307: ='Список пропущеных животных с И'!E8 | Q307: ='Список пропущеных животных с И'!F8 | T307: ='Список пропущеных животных с И'!G8 | W307: ='Список пропущеных животных с И'!H8
B308: ='Список пропущеных животных с И'!A9 | E308: ='Список пропущеных животных с И'!B9 | H308: ='Список пропущеных животных с И'!C9 | K308: ='Список пропущеных животных с И'!D9 | N308: ='Список пропущеных животных с И'!E9 | Q308: ='Список пропущеных животных с И'!F9 | T308: ='Список пропущеных животных с И'!G9 | W308: ='Список пропущеных животных с И'!H9
B309: ='Список пропущеных животных с И'!A10 | E309: ='Список пропущеных животных с И'!B10 | H309: ='Список пропущеных животных с И'!C10 | K309: ='Список пропущеных животных с И'!D10 | N309: ='Список пропущеных животных с И'!E10 | Q309: ='Список пропущеных животных с И'!F10 | T309: ='Список пропущеных животных с И'!G10 | W309: ='Список пропущеных животных с И'!H10
B310: ='Список пропущеных животных с И'!A11 | E310: ='Список пропущеных животных с И'!B11 | H310: ='Список пропущеных животных с И'!C11 | K310: ='Список пропущеных животных с И'!D11 | N310: ='Список пропущеных животных с И'!E11 | Q310: ='Список пропущеных животных с И'!F11 | T310: ='Список пропущеных животных с И'!G11 | W310: ='Список пропущеных животных с И'!H11
B311: ='Список пропущеных животных с И'!A12 | E311: ='Список пропущеных животных с И'!B12 | H311: ='Список пропущеных животных с И'!C12 | K311: ='Список пропущеных животных с И'!D12 | N311: ='Список пропущеных животных с И'!E12 | Q311: ='Список пропущеных животных с И'!F12 | T311: ='Список пропущеных животных с И'!G12 | W311: ='Список пропущеных животных с И'!H12
B312: ='Список пропущеных животных с И'!A13 | E312: ='Список пропущеных животных с И'!B13 | H312: ='Список пропущеных животных с И'!C13 | K312: ='Список пропущеных животных с И'!D13 | N312: ='Список пропущеных животных с И'!E13 | Q312: ='Список пропущеных животных с И'!F13 | T312: ='Список пропущеных животных с И'!G13 | W312: ='Список пропущеных животных с И'!H13
... B321: ='Список пропущеных животных с И'!A22 | E321: ='Список пропущеных животных с И'!B22 | H321: ='Список пропущеных животных с И'!C22 | K321: ='Список пропущеных животных с И'!D22 | N321: ='Список пропущеных животных с И'!E22 | Q321: ='Список пропущеных животных с И'!F22 | T321: ='Список пропущеных животных с И'!G22 | W321: ='Список пропущеных животных с И'!H22
B330: www.dfsoft.ru | E330: ="+7-800-707-7-305" -> +7-800-707-7-305 | I330: dc305@dc305.ru
A333: СПИСОК ПРОПУЩЕННЫХ ЖИВОТНЫХ НА УЗИ
B335: ='Список пропущеных животных с У'!A1 -> ИД | E335: ='Список пропущеных животных с У'!B1 -> ДДНИ | G335: ='Список пропущеных животных с У'!C1 -> ЛАКТ | I335: ='Список пропущеных животных с У'!D1 -> РЕПКД | L335: ='Список пропущеных животных с У'!E1 -> ДПОХ | N335: ='Список пропущеных животных с У'!F1 -> ИД | Q335: ='Список пропущеных животных с У'!G1 -> ДДНИ | S335: ='Список пропущеных животных с У'!H1 -> ЛАКТ | U335: ='Список пропущеных животных с У'!I1 -> РЕПКД | X335: ='Список пропущеных животных с У'!J1 -> ДПОХ
B336: ='Список пропущеных животных с У'!A2 -> 103496 | E336: ='Список пропущеных животных с У'!B2 -> 117 | G336: ='Список пропущеных животных с У'!C2 -> 2 | I336: ='Список пропущеных животных с У'!D2 -> Осемененная | L336: ='Список пропущеных животных с У'!E2 -> 43 | N336: ='Список пропущеных животных с У'!F2 | Q336: ='Список пропущеных животных с У'!G2 | S336: ='Список пропущеных животных с У'!H2 | U336: ='Список пропущеных животных с У'!I2 | X336: ='Список пропущеных животных с У'!J2
...

Sheet Лист1
A1: Название хозяйства | B1: КолоСС МТФ Рогожино - 1, 2 | C1: Вставить из показателей ---> | D1: Кол-во коров в стаде | E1: 4446
A2: Коров | B2: =E1 -> 4446 | C2: Ссылка на отчет из Арки | D2: % Стельных | E2: 50 % | F2: от 55 %
A3: Стельных | B3: =E2 -> 50 % | D3: % Первотелок | E3: 35 % | G3: =E1:E7 -> 35 %
A4: Первотелок | B4: =E3 -> 35 % | D4: Кол-во БРАК коровы | E4: 374
A5: БРАК | B5: =E4 -> 374 | D5: Средний надой ДЗ | E5: 32
A6: Средний надой | B6: =E5 -> 32 | D6: Средние дни в доении (без сух.) | E6: 188.7
A7: DIM | B7: =E6 -> 188.7 | D7: % Брака коровы | E7: 8 %
A8: HD | B8: =D9 -> 57 % | C8: Ссылка на отчет из Арки
A9: PR | B9: =G9 -> 19 % | D9: 57 % | E9: 852 | F9: 166 | G9: 19 % | H9: 35 % | I9: 0
A10: CR | B10: =H9 -> 35 %
A11: Стельных осем по HT телок | B11: 0
A12: Выбытие до 60 дня коров | B12: =1-'Выбытие до 60 дней за год'!D14 -> 0.14344685
A13: Сохранность за год телят | B13: ='Сохранность молодняка'!D8 -> 0.010252905
A14: Брак коров | B14: =E7 -> 8 %
A15: Что-то еще | B15: 0
A17: Ссылка на отчет в Арке
A18: Задача | B18: Вс | C18: Пн | D18: Вт | E18: Ср | F18: Чт | G18: Пт | H18: Сб | K18: Сб | L18: Вс
A19: G7G | B19: 0 | C19: 0 | D19: 0 | E19: 0 | F19: 0 | G19: 0 | H19: 59
A20: Ресинх | B20: 0 | C20: 222 | D20: 0 | E20: 0 | F20: 0 | G20: 0 | H20: 0
A21: Аборт | B21: 0 | C21: 9 | D21: 0 | E21: 0 | F21: 0 | G21: 0 | H21: 0
A22: Брак | B22: 0 | C22: 9 | D22: 0 | E22: 0 | F22: 2 | G22: 3 | H22: 0
A23: Нестельная | B23: 0 | C23: 116 | D23: 0 | E23: 0 | F23: 0 | G23: 0 | H23: 0
A24: Отел | B24: 17 | C24: 14 | D24: 15 | E24: 8 | F24: 13 | G24: 16 | H24: 3
A25: Падёж | B25: 1 | C25: 0 | D25: 1 | E25: 1 | F25: 1 | G25: 0 | H25: 0
A26: Стельная | B26: 0 | C26: 213 | D26: 0 | E26: 0 | F26: 0 | G26: 1 | H26: 0
A27: Взвешивание | B27: 0 | C27: 0 | D27: 0 | E27: 0 | F27: 0 | G27: 0 | H27: 0 | L27: 29 | M27: 0 | N27: 0 | O27: 0 | P27: 0 | Q27: 0
A28: Забой | B28: 0 | C28: 0 | D28: 0 | E28: 0 | F28: 0 | G28: 0 | H28: 0
A29: Обезроживание | B29: 0 | C29: 0 | D29: 0 | E29: 0 | F29: 0 | G29: 0 | H29: 0
A30: Осеменение | B30: 0 | C30: 2 | D30: 0 | E30: 0 | F30: 107 | G30: 80 | H30: 0
A31: Перебирковка | B31: 0 | C31: 0 | D31: 0 | E31: 0 | F31: 0 | G31: 0 | H31: 0
A32: Перевод | B32: 177 | C32: 113 | D32: 192 | E32: 233 | F32: 104 | G32: 100 | H32: 19
A33: Поздний сухостой | B33: 0 | C33: 0 | D33: 50 | E33: 0 | F33: 31 | G33: 0 | H33: 0
A34: Сухостой | B34: 0 | C34: 0 | D34: 0 | E34: 77 | F34: 0 | G34: 0 | H34: 0
A35: Продажа | B35: 1 | C35: 6 | D35: 6 | E35: 6 | F35: 53 | G35: 53 | H35: 0
A36: Диарея | B36: 0 | C36: 0 | D36: 0 | E36: 0 | F36: 0 | G36: 0 | H36: 0
A37: Кетоз | B37: 0 | C37: 0 | D37: 0 | E37: 0 | F37: 0 | G37: 0 | H37: 0
A38: Мастит | B38: 16 | C38: 15 | D38: 23 | E38: 16 | F38: 17 | G38: 15 | H38: 0
A39: Молочная лихорадка, Парез | B39: 3 | C39: 1 | D39: 2 | E39: 1 | F39: 0 | G39: 1 | H39: 0
... A44: Итого | B44: 224 | C44: 748 | D44: 312 | E44: 363 | F44: 352 | G44: 283 | H44: 81

Sheet Лист2
A2: Стельность | B2: Ссылка на отчет в Арке
A3: День с осеменения | B3: Нестельная | C3: Стельная
A4: 32 | B4: 73 | C4: 47
A5: 34 | B5: 1 | C5: 0
A6: 38 | B6: 30 | C6: 17
A7: 39 | B7: 2 | C7: 3
A8: 52 | B8: 3 | C8: 0
A9: 53 | B9: 6 | C9: 0
A10: 56 | B10: 1 | C10: 0
A11: 63 | B11: 0 | C11: 7
A12: 66 | B12: 0 | C12: 28
A13: 67 | B13: 0 | C13: 38
A14: 151 | B14: 0 | C14: 1
A15: 186 | B15: 0 | C15: 1
... A20: 228 | B20: 0 | C20: 28
A34: День с осеменения | B34: Сухостой | D34: Ссылка на отчет в Арке
A35: 153 | B35: 1
A36: 216 | B36: 2
A37: 229 | B37: 36
A38: 230 | B38: 26
A39: 233 | B39: 8
A40: 236 | B40: 1
A41: 237 | B41: 1
A42: 240 | B42: 1
A43: 243 | B43: 1

Sheet 1-е ИО
A1: ID | B1: HDAT | C1: DIMFB | D1: Ссылка на отчет в Арке
A2: 1479 | B2: 46248 | C2: 75
A3: 4926 | B3: 46248 | C3: 73
A4: 6230 | B4: 46247 | C4: 72
A5: 9061 | B5: 46248 | C5: 74
A6: 10718 | B6: 46248 | C6: 75
A7: 16541 | B7: 46247 | C7: 72
A8: 17056 | B8: 46247 | C8: 102
A9: 17801 | B9: 46248 | C9: 71
A10: 32964 | B10: 46248 | C10: 73
A11: 75466 | B11: 46248 | C11: 72
A12: 80148 | B12: 46247 | C12: 76
A13: 94487 | B13: 46248 | C13: 74
... A88: 720051 | B88: 46248 | C88: 76

Sheet 2-е ИО
A1: ID | B1: HDAT | C1: DIMSB | D1: Ссылка на отчет в Арке
A2: 9198 | B2: 46247 | C2: 113
A3: 14368 | B3: 46247 | C3: 116
A4: 16546 | B4: 46247 | C4: 116
A5: 16743 | B5: 46247 | C5: 112
A6: 17523 | B6: 46247 | C6: 125
A7: 18038 | B7: 46247 | C7: 114
A8: 52557 | B8: 46247 | C8: 116
A9: 90390 | B9: 46247 | C9: 116
A10: 100951 | B10: 46247 | C10: 152
A11: 100968 | B11: 46247 | C11: 117
A12: 102053 | B12: 46247 | C12: 111
A13: 102665 | B13: 46247 | C13: 112
... A30: 896945 | B30: 46247 | C30: 114

Sheet Результат отёла
A1: Дата отёла | B1: Прц | C1: Кол-в | D1: Телка | E1: Бычок | M1: Скопируй таблицу и вставь сюда
A2: =M5 -> 46243 | B2: 0 | C2: 0 | D2: =O5 -> 12 | E2: =P5 -> 5
A3: =M6 -> 46244 | D3: =O6 -> 9 | E3: =P6 -> 5
A4: =M7 -> 46245 | D4: =O7 -> 11 | E4: =P7 -> 4 | M4: День | N4: Число отёлов | O4: Родилось тёлок | P4: Родилось быков
A5: =M8 -> 46246 | D5: =O8 -> 5 | E5: =P8 -> 3 | M5: 46243 | N5: 17 | O5: 12 | P5: 5
A6: =M9 -> 46247 | D6: =O9 -> 11 | E6: =P9 -> 2 | M6: 46244 | N6: 14 | O6: 9 | P6: 5
A7: =M10 -> 46248 | D7: =O10 -> 12 | E7: =P10 -> 4 | M7: 46245 | N7: 15 | O7: 11 | P7: 4
A8: =M11 -> 46249 | D8: =O11 -> 3 | E8: =P11 -> 0 | M8: 46246 | N8: 8 | O8: 5 | P8: 3
A9: =M12 | D9: =O12 | E9: =P12 | M9: 46247 | N9: 13 | O9: 11 | P9: 2
M10: 46248 | N10: 16 | O10: 12 | P10: 4
M11: 46249 | N11: 3 | O11: 3 | P11: 0
A13: Р

Sheet Проверка УЗИ
A1: 0 | B1: Процент | C1: Событие | D1: Всего | E1: Пн | F1: Вт | G1: Ср | H1: Чт | I1: Пт | J1: Сб | K1: Вс
A2: Стельные | B2: =IFERROR(D2/D4,0) -> 0.64285714 | C2: СТЕЛ | D2: 252
A3: Холостые | B3: =IFERROR(D3/D4,0) -> 0.35714286 | C3: ЯЛОВ | D3: 140
A4: ИТОГО | C4: ИТОГО | D4: =SUM(D2:D3) -> 392
A7: Дата | B7: 46228

Sheet Выбытие телят до 6 месяцев
A1: Ссылка на отчет в Арке | L1: Дата выбытия | M1: Продажа | N1: Падёж | P1: Сумма
A2: Дата выбытия | B2: Прц | C2: Кол-в | L2: 46237 | M2: 0 | N2: 1 | P2: =M2+N2 -> 1
A3: =A4-1 -> 46218 | B3: 0 | C3: =IFERROR(XLOOKUP(A3,$L$2:$L$21,$P$2:$P$21),0) -> 0 | P3: =M3+N3 -> 0
A4: =A5-1 -> 46219 | B4: 0 | C4: =IFERROR(XLOOKUP(A4,$L$2:$L$21,$P$2:$P$21),0) -> 0 | P4: =M4+N4 -> 0
A5: =A6-1 -> 46220 | B5: 0 | C5: =IFERROR(XLOOKUP(A5,$L$2:$L$21,$P$2:$P$21),0) -> 0 | P5: =M5+N5 -> 0
A6: =A7-1 -> 46221 | B6: 0 | C6: =IFERROR(XLOOKUP(A6,$L$2:$L$21,$P$2:$P$21),0) -> 0 | P6: =M6+N6 -> 0
A7: =A8-1 -> 46222 | B7: 0 | C7: =IFERROR(XLOOKUP(A7,$L$2:$L$21,$P$2:$P$21),0) -> 0 | P7: =M7+N7 -> 0
A8: =A9-1 -> 46223 | B8: 0 | C8: =IFERROR(XLOOKUP(A8,$L$2:$L$21,$P$2:$P$21),0) -> 0 | P8: =M8+N8 -> 0
A9: =A10-1 -> 46224 | B9: 0 | C9: =IFERROR(XLOOKUP(A9,$L$2:$L$21,$P$2:$P$21),0) -> 0 | P9: =M9+N9 -> 0
A10: =A11-1 -> 46225 | B10: 0 | C10: =IFERROR(XLOOKUP(A10,$L$2:$L$21,$P$2:$P$21),0) -> 0 | P10: =M10+N10 -> 0
A11: =A12-1 -> 46226 | B11: 0 | C11: =IFERROR(XLOOKUP(A11,$L$2:$L$21,$P$2:$P$21),0) -> 0 | P11: =M11+N11 -> 0
A12: =A13-1 -> 46227 | B12: 0 | C12: =IFERROR(XLOOKUP(A12,$L$2:$L$21,$P$2:$P$21),0) -> 0 | P12: =M12+N12 -> 0
A13: =A14-1 -> 46228 | B13: 0 | C13: =IFERROR(XLOOKUP(A13,$L$2:$L$21,$P$2:$P$21),0) -> 0 | P13: =M13+N13 -> 0
A14: =A15-1 -> 46229 | B14: 0 | C14: =IFERROR(XLOOKUP(A14,$L$2:$L$21,$P$2:$P$21),0) -> 0 | P14: =M14+N14 -> 0
... A21: =A22-1 -> 46236 | B21: 0 | C21: =IFERROR(XLOOKUP(A21,$L$2:$L$21,$P$2:$P$21),0) -> 0 | P21: =M21+N21 -> 0
A22: =A23-1 -> 46237 | B22: 0 | C22: =IFERROR(XLOOKUP(A22,$L$2:$L$21,$P$2:$P$21),0) -> 1
A23: =A24-1 -> 46238 | B23: 0 | C23: =IFERROR(XLOOKUP(A23,$L$2:$L$21,$P$2:$P$21),0) -> 0
A24: =A25-1 -> 46239 | B24: 0 | C24: =IFERROR(XLOOKUP(A24,$L$2:$L$21,$P$2:$P$21),0) -> 0
A25: =A26-1 -> 46240 | B25: 0 | C25: =IFERROR(XLOOKUP(A25,$L$2:$L$21,$P$2:$P$21),0) -> 0
A26: =A27-1 -> 46241 | B26: 0 | C26: =IFERROR(XLOOKUP(A26,$L$2:$L$21,$P$2:$P$21),0) -> 0
A27: =A28-1 -> 46242 | B27: 0 | C27: =IFERROR(XLOOKUP(A27,$L$2:$L$21,$P$2:$P$21),0) -> 0
A28: =A29-1 -> 46243 | B28: 0 | C28: =IFERROR(XLOOKUP(A28,$L$2:$L$21,$P$2:$P$21),0) -> 0
A29: =A30-1 -> 46244 | B29: 0 | C29: =IFERROR(XLOOKUP(A29,$L$2:$L$21,$P$2:$P$21),0) -> 0
A30: =A31-1 -> 46245 | B30: 0 | C30: =IFERROR(XLOOKUP(A30,$L$2:$L$21,$P$2:$P$21),0) -> 0
A31: =A32-1 -> 46246 | B31: 0 | C31: =IFERROR(XLOOKUP(A31,$L$2:$L$21,$P$2:$P$21),0) -> 0
A32: =A33-1 -> 46247 | B32: 0 | C32: =IFERROR(XLOOKUP(A32,$L$2:$L$21,$P$2:$P$21),0) -> 0
A33: =A34-1 -> 46248 | B33: 0 | C33: =IFERROR(XLOOKUP(A33,$L$2:$L$21,$P$2:$P$21),0) -> 0
A34: 46249 | B34: 0 | C34: =IFERROR(XLOOKUP(A34,$L$2:$L$21,$P$2:$P$21),0) -> 0

Sheet Выбытие до 60 дней  за год
A1: МЕСЯЦ | B1: ОТЕЛ | C1: ВЫБЫТИЕ | D1: СОХРАННОСТЬ | E1: ВЫБЫТИЕ %
A2: =M3 -> сен 2025 | B2: =N3+P3 -> 462 | C2: =O3+Q3 -> 70 | D2: =IFERROR((B2-C2)/B2,0) -> 0.84848485 | E2: =IFERROR(C2/B2,0) -> 0.15151515 | M2: Месяц и год отёла | N2: Отел | O2: Падёж | P2: Аборт | Q2: Продажа
A3: =M4 -> 45931 | B3: =N4+P4 -> 460 | C3: =O4+Q4 -> 46 | D3: =IFERROR((B3-C3)/B3,0) -> 0.9 | E3: =IFERROR(C3/B3,0) -> 0.1 | M3: сен 2025 | N3: 455 | O3: 14 | P3: 7 | Q3: 56
A4: =M5 -> ноя 2025 | B4: =N5+P5 -> 314 | C4: =O5+Q5 -> 37 | D4: =IFERROR((B4-C4)/B4,0) -> 0.88216561 | E4: =IFERROR(C4/B4,0) -> 0.11783439 | M4: 45931 | N4: 454 | O4: 9 | P4: 6 | Q4: 37
A5: =M6 -> 45992 | B5: =N6+P6 -> 477 | C5: =O6+Q6 -> 78 | D5: =IFERROR((B5-C5)/B5,0) -> 0.83647799 | E5: =IFERROR(C5/B5,0) -> 0.16352201 | M5: ноя 2025 | N5: 310 | O5: 8 | P5: 4 | Q5: 29
A6: =M7 -> 46023 | B6: =N7+P7 -> 467 | C6: =O7+Q7 -> 75 | D6: =IFERROR((B6-C6)/B6,0) -> 0.83940043 | E6: =IFERROR(C6/B6,0) -> 0.16059957 | M6: 45992 | N6: 470 | O6: 14 | P6: 7 | Q6: 64
A7: =M8 -> фев 2026 | B7: =N8+P8 -> 446 | C7: =O8+Q8 -> 61 | D7: =IFERROR((B7-C7)/B7,0) -> 0.8632287 | E7: =IFERROR(C7/B7,0) -> 0.1367713 | M7: 46023 | N7: 463 | O7: 10 | P7: 4 | Q7: 65
A8: =M9 -> 46082 | B8: =N9+P9 -> 461 | C8: =O9+Q9 -> 64 | D8: =IFERROR((B8-C8)/B8,0) -> 0.86117137 | E8: =IFERROR(C8/B8,0) -> 0.13882863 | M8: фев 2026 | N8: 444 | O8: 6 | P8: 2 | Q8: 55
A9: =M10 -> 46113 | B9: =N10+P10 -> 317 | C9: =O10+Q10 -> 50 | D9: =IFERROR((B9-C9)/B9,0) -> 0.84227129 | E9: =IFERROR(C9/B9,0) -> 0.15772871 | M9: 46082 | N9: 456 | O9: 12 | P9: 5 | Q9: 52
A10: =M11 -> май 2026 | B10: =N11+P11 -> 434 | C10: =O11+Q11 -> 97 | D10: =IFERROR((B10-C10)/B10,0) -> 0.7764977 | E10: =IFERROR(C10/B10,0) -> 0.2235023 | M10: 46113 | N10: 313 | O10: 11 | P10: 4 | Q10: 39
A11: =M12 -> 46174 | B11: =N12+P12 -> 370 | C11: =O12+Q12 -> 69 | D11: =IFERROR((B11-C11)/B11,0) -> 0.81351351 | E11: =IFERROR(C11/B11,0) -> 0.18648649 | M11: май 2026 | N11: 431 | O11: 21 | P11: 3 | Q11: 76
A12: =M13 -> 46204 | B12: =N13+P13 -> 384 | C12: =O13+Q13 -> 35 | D12: =IFERROR((B12-C12)/B12,0) -> 0.90885417 | E12: =IFERROR(C12/B12,0) -> 0.091145833 | M12: 46174 | N12: 363 | O12: 13 | P12: 7 | Q12: 56
A13: =M14 -> 46235 | B13: =N14+P14 -> 253 | C13: =O14+Q14 -> 13 | D13: =IFERROR((B13-C13)/B13,0) -> 0.9486166 | E13: =IFERROR(C13/B13,0) -> 0.051383399 | M13: 46204 | N13: 380 | O13: 7 | P13: 4 | Q13: 28
A14: ИТОГО | B14: =SUM(B2:B13) -> 4845 | C14: =SUM(C2:C13) -> 695 | D14: =1-(C14/B14) -> 0.85655315 | E14: =C14/B14 -> 0.14344685 | M14: 46235 | N14: 252 | O14: 2 | P14: 1 | Q14: 11
B15: B14 - формула | C15: С14 - формула
A17: Ссылка на отчет в Арке

Sheet Выбытие до 60 дней в доении
A1: Дата выбытия | B1: Прц | C1: Кол-в | E1: Ссылка на отчет в Арке | L1: Дата выбытия | M1: Продажа | N1: Падёж | P1: Сумма
A2: =A3-1 -> 46219 | C2: =IFERROR(XLOOKUP(A2,$L$2:$L$19,$P$2:$P$19),0) -> 0 | L2: 46221 | M2: 2 | N2: 0 | P2: =M2+N2 -> 2
A3: =A4-1 -> 46220 | C3: =IFERROR(XLOOKUP(A3,$L$2:$L$19,$P$2:$P$19),0) -> 0 | L3: 46223 | M3: 3 | N3: 0 | P3: =M3+N3 -> 3
A4: =A5-1 -> 46221 | C4: =IFERROR(XLOOKUP(A4,$L$2:$L$19,$P$2:$P$19),0) -> 2 | L4: 46224 | M4: 3 | N4: 0 | P4: =M4+N4 -> 3
A5: =A6-1 -> 46222 | C5: =IFERROR(XLOOKUP(A5,$L$2:$L$19,$P$2:$P$19),0) -> 0 | L5: 46225 | M5: 2 | N5: 1 | P5: =M5+N5 -> 3
A6: =A7-1 -> 46223 | C6: =IFERROR(XLOOKUP(A6,$L$2:$L$19,$P$2:$P$19),0) -> 3 | L6: 46226 | M6: 2 | N6: 0 | P6: =M6+N6 -> 2
A7: =A8-1 -> 46224 | C7: =IFERROR(XLOOKUP(A7,$L$2:$L$19,$P$2:$P$19),0) -> 3 | L7: 46227 | M7: 1 | N7: 0 | P7: =M7+N7 -> 1
A8: =A9-1 -> 46225 | C8: =IFERROR(XLOOKUP(A8,$L$2:$L$19,$P$2:$P$19),0) -> 3 | L8: 46229 | M8: 1 | N8: 0 | P8: =M8+N8 -> 1
A9: =A10-1 -> 46226 | C9: =IFERROR(XLOOKUP(A9,$L$2:$L$19,$P$2:$P$19),0) -> 2 | L9: 46231 | M9: 4 | N9: 0 | P9: =M9+N9 -> 4
A10: =A11-1 -> 46227 | C10: =IFERROR(XLOOKUP(A10,$L$2:$L$19,$P$2:$P$19),0) -> 1 | L10: 46232 | M10: 3 | N10: 0 | P10: =M10+N10 -> 3
A11: =A12-1 -> 46228 | C11: =IFERROR(XLOOKUP(A11,$L$2:$L$19,$P$2:$P$19),0) -> 0 | L11: 46233 | M11: 3 | N11: 0 | P11: =M11+N11 -> 3
A12: =A13-1 -> 46229 | C12: =IFERROR(XLOOKUP(A12,$L$2:$L$19,$P$2:$P$19),0) -> 1 | L12: 46234 | M12: 2 | N12: 0 | P12: =M12+N12 -> 2
A13: =A14-1 -> 46230 | C13: =IFERROR(XLOOKUP(A13,$L$2:$L$19,$P$2:$P$19),0) -> 0 | L13: 46236 | M13: 0 | N13: 1 | P13: =M13+N13 -> 1
... A17: =A18-1 -> 46234 | C17: =IFERROR(XLOOKUP(A17,$L$2:$L$19,$P$2:$P$19),0) -> 2 | L17: 46243 | M17: 0 | N17: 1 | P17: =M17+N17 -> 1
A18: =A19-1 -> 46235 | C18: {=IFERROR(XLOOKUP(A18,$L$2:$L$38,$P$2:$P$38),0)} -> 0 | L18: 46244 | M18: 4 | N18: 0 | P18: =M18+N18 -> 4
A19: =A20-1 -> 46236 | C19: =IFERROR(XLOOKUP(A19,$L$2:$L$19,$P$2:$P$19),0) -> 1 | L19: 46245 | M19: 1 | N19: 0 | P19: =M19+N19 -> 1
A20: =A21-1 -> 46237 | C20: =IFERROR(XLOOKUP(A20,$L$2:$L$19,$P$2:$P$19),0) -> 0 | L20: 46246 | M20: 5 | N20: 1 | P20: =M20+N20 -> 6
A21: =A22-1 -> 46238 | C21: =IFERROR(XLOOKUP(A21,$L$2:$L$19,$P$2:$P$19),0) -> 1 | L21: 46247 | M21: 3 | N21: 0 | P21: =M21+N21 -> 3
A22: =A23-1 -> 46239 | C22: =IFERROR(XLOOKUP(A23,$L$2:$L$32,$P$2:$P$32),0) -> 5 | L22: 46248 | M22: 3 | N22: 0 | P22: =M22+N22 -> 3
A23: =A24-1 -> 46240 | C23: =IFERROR(XLOOKUP(A24,$L$2:$L$32,$P$2:$P$32),0) -> 0 | P23: =M23+N23 -> 0
A24: =A25-1 -> 46241 | C24: =IFERROR(XLOOKUP(A25,$L$2:$L$32,$P$2:$P$32),0) -> 4 | P24: =M24+N24 -> 0
A25: =A26-1 -> 46242 | C25: =IFERROR(XLOOKUP(A26,$L$2:$L$32,$P$2:$P$32),0) -> 1 | P25: =M25+N25 -> 0
A26: =A27-1 -> 46243 | C26: =IFERROR(XLOOKUP(A27,$L$2:$L$32,$P$2:$P$32),0) -> 4 | P26: =M26+N26 -> 0
A27: =A28-1 -> 46244 | C27: =IFERROR(XLOOKUP(A28,$L$2:$L$32,$P$2:$P$32),0) -> 1 | P27: =M27+N27 -> 0
A28: =A29-1 -> 46245 | C28: =IFERROR(XLOOKUP(A29,$L$2:$L$32,$P$2:$P$32),0) -> 6 | P28: =M28+N28 -> 0
A29: =A30-1 -> 46246 | C29: =IFERROR(XLOOKUP(A30,$L$2:$L$32,$P$2:$P$32),0) -> 3 | P29: =M29+N29 -> 0
A30: =A31-1 -> 46247 | C30: =IFERROR(XLOOKUP(A31,$L$2:$L$32,$P$2:$P$32),0) -> 3 | P30: =M30+N30 -> 0
A31: =A32-1 -> 46248 | C31: =IFERROR(XLOOKUP(A32,$L$2:$L$32,$P$2:$P$32),0) -> 0 | P31: =M31+N31 -> 0
A32: 46249 | C32: =IFERROR(XLOOKUP(A33,$L$2:$L$32,$P$2:$P$32),0) -> 0 | P32: =M32+N32 -> 0
P33: =M33+N33 -> 0
P34: =M34+N34 -> 0
P35: =M35+N35 -> 0
P36: =M36+N36 -> 0
P37: =M37+N37 -> 0
P38: =M38+N38 -> 0

Sheet Отклонения надоя
A1: Дата | B1: Голов | C1: Надой | D1: Отклонение от ср. недельного | E1: Отклонение %
A2: =A3-1 -> 46238 | B2: 3526 | C2: 32.5 | D2: =C2-$C$14 -> 0.43333333 | E2: =D2/$C$14 -> 0.013513514
A3: =A4-1 -> 46239 | B3: 3612 | C3: 32.8 | D3: =C3-$C$14 -> 0.73333333 | E3: =D3/$C$14 -> 0.022869023
A4: =A5-1 -> 46240 | B4: 2188 | C4: 30.8 | D4: =C4-$C$14 -> -1.2666667 | E4: =D4/$C$14 -> -0.03950104
A5: =A6-1 -> 46241 | B5: 3627 | C5: 33.1 | D5: =C5-$C$14 -> 1.0333333 | E5: =D5/$C$14 -> 0.032224532
A6: =A7-1 -> 46242 | B6: 2330 | C6: 31.4 | D6: =C6-$C$14 -> -0.66666667 | E6: =D6/$C$14 -> -0.020790021
A7: =A8-1 -> 46243 | B7: 3610 | C7: 31.5 | D7: =C7-$C$14 -> -0.56666667 | E7: =D7/$C$14 -> -0.017671518
A8: =A9-1 -> 46244 | B8: 3678 | C8: 32 | D8: =C8-$C$14 -> -0.066666667 | E8: =D8/$C$14 -> -0.0020790021
A9: =A10-1 -> 46245 | B9: 3775 | C9: 31.8 | D9: =C9-$C$14 -> -0.26666667 | E9: =D9/$C$14 -> -0.0083160083
A10: =A11-1 -> 46246 | B10: 3760 | C10: 32 | D10: =C10-$C$14 -> -0.066666667 | E10: =D10/$C$14 -> -0.0020790021
A11: =A12-1 -> 46247 | B11: 3747 | C11: 32 | D11: =C11-$C$14 -> -0.066666667 | E11: =D11/$C$14 -> -0.0020790021
A12: =A13-1 -> 46248 | B12: 2683 | C12: 31.6 | D12: =C12-$C$14 -> -0.46666667 | E12: =D12/$C$14 -> -0.014553015
A13: 46249 | B13: 3455 | C13: 33.3 | D13: =C13-$C$14 -> 1.2333333 | E13: =D13/$C$14 -> 0.038461538
B14: Средненедельный надой | C14: =AVERAGEIF($C$2:$C$13,">0") -> 32.066667
A19: Ссылка на отчет в Арке

Sheet Сохранность молодняка
A1: Месяц рождения | B1: Рождено | C1: Живых | D1: %Сохранности
A2: =N4 -> 46082 | B2: 294 | C2: =P4 | D2: =IFERROR(C2/B2,) -> 0 | N2: ММГГ даты рождения | O2: Выбыла Живет
A3: =N5 -> 46113 | B3: 205 | C3: =P5 | D3: =IFERROR(C3/B3,) -> 0 | O3: 0 | P3: 1 | Q3: Итого
A4: =N6 -> 46143 | B4: =Q6 -> 292 | C4: =P6 | D4: =IFERROR(C4/B4,) -> 0 | N4: 46082 | O4: 294 | Q4: 294
A5: =N7 -> 46174 | B5: =Q7 -> 256 | C5: =P7 | D5: =IFERROR(C5/B5,) -> 0 | N5: 46113 | O5: 205 | Q5: 205
A6: =N8 -> 46204 | B6: =Q8 -> 268 | C6: =P8 | D6: =IFERROR(C6/B6,) -> 0 | N6: 46143 | O6: 292 | Q6: 292
A7: =N9 -> 46235 | B7: =Q9 -> 148 | C7: =P9 -> 15 | D7: =IFERROR(C7/B7,) -> 0.10135135 | N7: 46174 | O7: 256 | Q7: 256
A8: ИТОГО | B8: =SUM(B2:B7) -> 1463 | C8: =SUM(C2:C7) -> 15 | D8: =C8/B8 -> 0.010252905 | N8: 46204 | O8: 268 | Q8: 268
B9: B8 - формула | C9: С9 - формула | N9: 46235 | O9: 133 | P9: 15 | Q9: 148
B10: B2-B7 - заполнить | C10: С2-С8 - формула
A13: Ссылка на отчет в Арке

Sheet Дойных коров и валовый надой
B1: Дойных коров | C1: Всего | D1: Валовый надой сутки | F1: Ссылка на отчет в Арке | O1: СПРАВОЧНИК
A2: =N2 -> Август | B2: 3990 | C2: 31 | D2: =C2*B2 -> 123690 | L2: Сегодня: | M2: =TODAY() -> 46251 | N2: =VLOOKUP(MONTH($M$2),O2:P25,2,0) -> Август | O2: 1 | P2: Январь
A3: =N3 -> Сентябрь | B3: 4032 | C3: 32 | D3: =C3*B3 -> 129024 | N3: =VLOOKUP(MONTH($M$2)+1,O2:P25,2,0) -> Сентябрь | O3: 2 | P3: Февраль
A4: =N4 -> Октябрь | B4: 4017 | C4: 31 | D4: =C4*B4 -> 124527 | N4: =VLOOKUP(MONTH($M$2)+2,O2:P25,2,0) -> Октябрь | O4: 3 | P4: Март
A5: =N5 -> Ноябрь | B5: 3989 | C5: 31 | D5: =C5*B5 -> 123659 | N5: =VLOOKUP(MONTH($M$2)+3,O2:P25,2,0) -> Ноябрь | O5: 4 | P5: Апрель
A6: =N6 -> Декабрь | B6: 3886 | C6: 31 | D6: =C6*B6 -> 120466 | N6: =VLOOKUP(MONTH($M$2)+4,O2:P25,2,0) -> Декабрь | O6: 5 | P6: Май
A7: =N7 -> Январь | B7: 3714 | C7: 31 | D7: =C7*B7 -> 115134 | N7: =VLOOKUP(MONTH($M$2)+5,O2:P25,2,0) -> Январь | O7: 6 | P7: Июнь
A8: =N8 -> Февраль | B8: 3634 | C8: 31 | D8: =C8*B8 -> 112654 | N8: =VLOOKUP(MONTH($M$2)+6,O2:P25,2,0) -> Февраль | O8: 7 | P8: Июль
A9: =N9 -> Март | B9: 3315 | C9: 32 | D9: =C9*B9 -> 106080 | N9: =VLOOKUP(MONTH($M$2)+7,O2:P25,2,0) -> Март | O9: 8 | P9: Август
A10: =N10 -> Апрель | B10: 3234 | C10: 32 | D10: =C10*B10 -> 103488 | N10: =VLOOKUP(MONTH($M$2)+8,O2:P25,2,0) -> Апрель | O10: 9 | P10: Сентябрь
A11: =N11 -> Май | B11: 3121 | C11: 32 | D11: =C11*B11 -> 99872 | N11: =VLOOKUP(MONTH($M$2)+9,O2:P25,2,0) -> Май | O11: 10 | P11: Октябрь
A12: =N12 -> Июнь | B12: 2948 | C12: 31 | D12: =C12*B12 -> 91388 | N12: =VLOOKUP(MONTH($M$2)+10,O3:P26,2,0) -> Июнь | O12: 11 | P12: Ноябрь
A13: =N13 -> Июль | B13: 2734 | C13: 33 | D13: =C13*B13 -> 90222 | N13: =VLOOKUP(MONTH($M$2)+11,O2:P25,2,0) -> Июль | O13: 12 | P13: Декабрь
O14: 13 | P14: Январь
O15: 14 | P15: Февраль
O16: 15 | P16: Март
O17: 16 | P17: Апрель
O18: 17 | P18: Май
O19: 18 | P19: Июнь
O20: 19 | P20: Июль
O21: 20 | P21: Август
O22: 21 | P22: Сентябрь
O23: 22 | P23: Октябрь
O24: 23 | P24: Ноябрь
O25: 24 | P25: Декабрь

Sheet PregRate
A1: Дата | B1: PR | C1: HDR
A2: 44603 | B2: 12 | C2: 12
A3: 44624 | B3: 16 | C3: 16
A4: 44645 | B4: 28 | C4: 28
A5: 44666 | B5: 39 | C5: 41
A6: 44687 | B6: 31 | C6: 32
A7: 44708 | B7: 10 | C7: 11
A8: 44729 | B8: 43 | C8: 45
A9: 44750 | B9: 19 | C9: 23
A10: 44771 | B10: 25 | C10: 31
A11: 44792 | B11: 24 | C11: 29
A12: 44813 | B12: 7 | C12: 14
A13: 44834 | B13: 18 | C13: 25
... A19: 44960 | B19: 0 | C19: 26
A20: Всего | B20: 16 | C20: 24
A22: Bredsum\e
A23: Дата | B23: Ох Приг | C23: Охот | D23: HDR | E23: Ст Приг | F23: Стел | G23: PR | H23: Аборты
A24: 44603 | B24: 42 | C24: 5 | D24: 12 | E24: 42 | F24: 5 | G24: 12 | H24: 0
A25: 44624 | B25: 56 | C25: 9 | D25: 16 | E25: 56 | F25: 9 | G25: 16 | H25: 0
A26: 44645 | B26: 58 | C26: 16 | D26: 28 | E26: 58 | F26: 16 | G26: 28 | H26: 0
A27: 44666 | B27: 61 | C27: 25 | D27: 41 | E27: 61 | F27: 24 | G27: 39 | H27: 0
A28: 44687 | B28: 59 | C28: 19 | D28: 32 | E28: 58 | F28: 18 | G28: 31 | H28: 0
A29: 44708 | B29: 80 | C29: 9 | D29: 11 | E29: 80 | F29: 8 | G29: 10 | H29: 0
A30: 44729 | B30: 105 | C30: 47 | D30: 45 | E30: 104 | F30: 45 | G30: 43 | H30: 1
A31: 44750 | B31: 115 | C31: 26 | D31: 23 | E31: 114 | F31: 22 | G31: 19 | H31: 0
A32: 44771 | B32: 164 | C32: 51 | D32: 31 | E32: 163 | F32: 40 | G32: 25 | H32: 1
A33: 44792 | B33: 165 | C33: 48 | D33: 29 | E33: 165 | F33: 39 | G33: 24 | H33: 1
A34: 44813 | B34: 176 | C34: 24 | D34: 14 | E34: 174 | F34: 13 | G34: 7 | H34: 0
A35: 44834 | B35: 212 | C35: 52 | D35: 25 | E35: 209 | F35: 38 | G35: 18 | H35: 0
... A41: 44960 | B41: 204 | C41: 54 | D41: 26 | E41: 0 | F41: 0 | G41: 0 | H41: 0
A42: Всего | B42: 2279 | C42: 554 | D42: 24 | E42: 2233 | F42: 366 | G42: 16 | H42: 4

Sheet CR%
A1: Месяц | B1: %Стел
A2: =EOMONTH(TODAY(),-15)+1 -> 45809 | B2: 0
A3: =EOMONTH(TODAY(),-14)+1 -> 45839 | B3: 0
A4: =EOMONTH(TODAY(),-13)+1 -> 45870 | B4: 100
A5: =EOMONTH(TODAY(),-12)+1 -> 45901 | B5: 100
A6: =EOMONTH(TODAY(),-11)+1 -> 45931 | B6: 97
A7: =EOMONTH(TODAY(),-10)+1 -> 45962 | B7: 100
A8: =EOMONTH(TODAY(),-9)+1 -> 45992 | B8: 97
A9: =EOMONTH(TODAY(),-8)+1 -> 46023 | B9: 92
A10: =EOMONTH(TODAY(),-7)+1 -> 46054 | B10: 82
A11: =EOMONTH(TODAY(),-6)+1 -> 46082 | B11: 68
A12: =EOMONTH(TODAY(),-5)+1 -> 46113 | B12: 68
A13: =EOMONTH(TODAY(),-4)+1 -> 46143 | B13: 47
A14: =EOMONTH(TODAY(),-3)+1 -> 46174 | B14: 36
A17: Bredsum\c

Sheet CR% Week
A1: Дата | B1: %Стел
A2: =A3-7 -> 44646 | B2: 100
A3: =A4-7 -> 44653 | B3: 100
A4: =A5-7 -> 44660 | B4: 100
A5: =A6-7 -> 44667 | B5: 100
A6: =A7-7 -> 44674 | B6: 100
A7: =A8-7 -> 44681 | B7: 100
A8: =A9-7 -> 44688 | B8: 100
A9: =A10-7 -> 44695 | B9: 100
A10: =A11-7 -> 44702 | B10: 100
A11: =A12-7 -> 44709 | B11: 100
A12: =A13-7 -> 44716 | B12: 100
A13: =A14-7 -> 44723 | B13: 100
... A36: =A37-7 -> 44884 | B36: 47
A37: =A38-7 -> 44891 | B37: 42 | C37: ...
A38: =A39-7 -> 44898 | B38: 38 | C38: -7
A39: =A40-7 -> 44905 | B39: 27 | C39: -7
A40: =A41-7 -> 44912 | B40: 42 | C40: -7
A41: 44919 | B41: 0 | C41: последняя закрытая неделя | E41: вставить дату только в ячейку А41
C42: BREDSUM\R
A45: НЕ ВВОДИТЕ ЗНАЧЕНИЯ В СТОЛБЕЦ A, окромя ячейки A41

Sheet CR% по схеме ИО и месяцу
A1: Процент | B1: Всего | C1: Uncoded | D1: ДаблОвсинк | E1: Овсинк | F1: Охота | G1: Ресинк
A2: =EOMONTH(TODAY(),-6)+1 -> 46082 | B2: 69 | C2: 80
A3: =EOMONTH(TODAY(),-5)+1 -> 46113 | B3: 70 | C3: 72 | F3: 68
A4: =EOMONTH(TODAY(),-4)+1 -> 46143 | B4: 48 | C4: 48 | F4: 47
A5: =EOMONTH(TODAY(),-3)+1 -> 46174 | B5: 35 | C5: 25 | F5: 36
A9: BREDSUM\XCO

Sheet CR% по технику и месяцу
A1: Процент | B1: Всего | C1: Другие | D1: Янцон | E1: Сабиров
A2: август | B2: 85 | C2: 88
A3: сентябрь | B3: 69 | C3: 73
A4: октябрь | B4: 71 | C4: 75 | D4: 33 | E4: 17
A5: ноябрь | B5: 48 | C5: 56 | D5: 35 | E5: 35
A6: декабрь | B6: 36 | C6: 25 | D6: 33 | E6: 44
A13: BREDSUM\XCT

Sheet Поголовье и Вал
B1: Поголовье | C1: Всего | D1: Вал | E1: Ссылка на отчет в Арке
A2: ='Дойных коров и валовый надой'!A2 -> Август | B2: 4871 | C2: ='Дойных коров и валовый надой'!C2 -> 31 | D2: ='Дойных коров и валовый надой'!D2 -> 123690
A3: ='Дойных коров и валовый надой'!A3 -> Сентябрь | B3: 5032 | C3: ='Дойных коров и валовый надой'!C3 -> 32 | D3: ='Дойных коров и валовый надой'!D3 -> 129024
A4: ='Дойных коров и валовый надой'!A4 -> Октябрь | B4: 5244 | C4: ='Дойных коров и валовый надой'!C4 -> 31 | D4: ='Дойных коров и валовый надой'!D4 -> 124527
A5: ='Дойных коров и валовый надой'!A5 -> Ноябрь | B5: 5454 | C5: ='Дойных коров и валовый надой'!C5 -> 31 | D5: ='Дойных коров и валовый надой'!D5 -> 123659
A6: ='Дойных коров и валовый надой'!A6 -> Декабрь | B6: 5559 | C6: ='Дойных коров и валовый надой'!C6 -> 31 | D6: ='Дойных коров и валовый надой'!D6 -> 120466
A7: ='Дойных коров и валовый надой'!A7 -> Январь | B7: 5650 | C7: ='Дойных коров и валовый надой'!C7 -> 31 | D7: ='Дойных коров и валовый надой'!D7 -> 115134
A8: ='Дойных коров и валовый надой'!A8 -> Февраль | B8: 5771 | C8: ='Дойных коров и валовый надой'!C8 -> 31 | D8: ='Дойных коров и валовый надой'!D8 -> 112654
A9: ='Дойных коров и валовый надой'!A9 -> Март | B9: 5837 | C9: ='Дойных коров и валовый надой'!C9 -> 32 | D9: ='Дойных коров и валовый надой'!D9 -> 106080
A10: ='Дойных коров и валовый надой'!A10 -> Апрель | B10: 5998 | C10: ='Дойных коров и валовый надой'!C10 -> 32 | D10: ='Дойных коров и валовый надой'!D10 -> 103488
A11: ='Дойных коров и валовый надой'!A11 -> Май | B11: 6119 | C11: ='Дойных коров и валовый надой'!C11 -> 32 | D11: ='Дойных коров и валовый надой'!D11 -> 99872
A12: ='Дойных коров и валовый надой'!A12 -> Июнь | B12: 6242 | C12: ='Дойных коров и валовый надой'!C12 -> 31 | D12: ='Дойных коров и валовый надой'!D12 -> 91388
A13: ='Дойных коров и валовый надой'!A13 -> Июль | B13: 6366 | C13: ='Дойных коров и валовый надой'!C13 -> 33 | D13: ='Дойных коров и валовый надой'!D13 -> 90222

Sheet Прогноз поголовья Delpro
B1: Дойных | C1: Запуск | D1: Фураж
A2: июнь | B2: 631 | C2: 0 | D2: =B2+C2 -> 631
A3: Отел+ | B3: 0 | C3: 0
A4: Запуск+ | B4: 0 | C4: 0
A5: выбрак | B5: =D5 -> 16.406 | D5: =D2*0.026 -> 16.406
A6: июль | B6: 631 | C6: =C2-C3+C4 -> 0 | D6: =C6+B6 -> 631
A7: Отел | B7: 3 | C7: 3
A8: Запуск | B8: 32 | C8: 32
A9: выбрак | B9: =D9 -> 16.406 | D9: =D6*0.026 -> 16.406
A10: август | B10: =B6+B7-B8-B9 -> 585.594 | C10: =C6-C7+C8 -> 29 | D10: =C10+B10 -> 614.594
A11: Отел | B11: 1 | C11: 1
A12: Запуск | B12: 67 | C12: 67
A13: выбрак | B13: =D13 -> 15.979444 | D13: =D10*0.026 -> 15.979444
A14: сентябрь | B14: =B10+B11-B12-B13 -> 503.61456 | C14: =C10-C11+C12 -> 95 | D14: =C14+B14 -> 598.61456
A15: Отел | B15: 46 | C15: 46
A16: Запуск | B16: 39 | C16: 39
A17: выбрак | B17: =D17 -> 15.563978 | D17: =D14*0.026 -> 15.563978
A18: Октябрь | B18: =B14+B15-B16-B17 -> 495.05058 | C18: =C14-C15+C16 -> 88 | D18: =C18+B18 -> 583.05058
A19: Отел | B19: 88 | C19: 88
A20: Запуск | B20: 0 | C20: 0
A21: выбрак | B21: =D21 -> 15.159315 | D21: =D18*0.026 -> 15.159315
A22: Ноябрь | B22: =B18+B19-B20-B21 -> 567.89126 | C22: =C18-C19+C20 -> 0 | D22: =C22+B22 -> 567.89126
A23: Отел | B23: 53 | C23: 53
A24: Запуск | B24: 0 | C24: 0
A25: выбрак | B25: =D25 -> 14.765173 | D25: =D22*0.026 -> 14.765173
A26: Декабрь | B26: =B22+B23-B24-B25 -> 606.12609 | C26: =C22-C23+C24 -> -53 | D26: =C26+B26 -> 553.12609
A27: Отел | B27: 3 | C27: 3
A28: Запуск | B28: 0 | C28: 0
A29: выбрак | B29: =D29 -> 14.381278 | D29: =D26*0.026 -> 14.381278
A30: январь | B30: =B26+B27-B28-B29 -> 594.74481 | C30: =C26-C27+C28 -> -56 | D30: =C30+B30 -> 538.74481
A31: Отел | B31: 0 | C31: 0
A32: Запуск | B32: 0 | C32: 0
A33: выбрак | B33: 19 | D33: 19

Sheet Список пропущеных животных  с И
A1: Номер животного | B1: Дни в доении | C1: № Лактации | D1: Репро-статус | E1: Номер животного | F1: Дни в доении | G1: № Лактации | H1: Репро-статус | J1: Ссылка на отчет в Арке
A2: 117004 | B2: 74 | C2: 1 | D2: Новотельное | E2: 710048 | F2: 84 | G2: 3 | H2: Новотельное
E4: Итого: 2 | J4: Внизу подписать Итого:

Sheet Список пропущеных животных  с У
A1: ИД | B1: ДДНИ | C1: ЛАКТ | D1: РЕПКД | E1: ДПОХ | F1: ИД | G1: ДДНИ | H1: ЛАКТ | I1: РЕПКД | J1: ДПОХ | L1: Ссылка на отчет в Арке
A2: 103496 | B2: 117 | C2: 2 | D2: Осемененная | E2: 43
E4: Итого: 1 | L4: Внизу подписать Итого:

Sheet Список пропущенных на запуск
A1: Номер животного | B1: Дни стельности | C1: Лактация | D1: Статус коровы | E1: Номер Группы | F1: Номер животного | G1: Дни стельности | H1: Лактация | I1: Статус коровы | J1: Номер Группы | K1: Ссылка на отчет в Арке
A2: 103086 | B2: 226 | C2: 1 | D2: Стельная | E2: 334 | F2: 108378 | G2: 226 | H2: 1 | I2: Стельная | J2: 332
A3: 103093 | B3: 225 | C3: 1 | D3: Стельная | E3: 332 | F3: 108482 | G3: 225 | H3: 1 | I3: Стельная | J3: 343
A4: 103110 | B4: 219 | C4: 1 | D4: Стельная | E4: 381 | F4: 108542 | G4: 226 | H4: 1 | I4: Стельная | J4: 344 | M4: Внизу подписать Итого:
A5: 103122 | B5: 218 | C5: 1 | D5: Стельная | E5: 331 | F5: 108601 | G5: 225 | H5: 1 | I5: Стельная | J5: 343
A6: 103316 | B6: 225 | C6: 2 | D6: Стельная | E6: 373 | F6: 108667 | G6: 219 | H6: 1 | I6: Стельная | J6: 373
A7: 103722 | B7: 219 | C7: 2 | D7: Стельная | E7: 374 | F7: 108737 | G7: 226 | H7: 1 | I7: Стельная | J7: 333
A8: 103762 | B8: 218 | C8: 2 | D8: Стельная | E8: 373 | F8: 108765 | G8: 226 | H8: 1 | I8: Стельная | J8: 333
A9: 103777 | B9: 226 | C9: 2 | D9: Стельная | E9: 381 | F9: 108793 | G9: 219 | H9: 1 | I9: Стельная | J9: 334
A10: 103973 | B10: 218 | C10: 2 | D10: Стельная | E10: 374 | F10: 108798 | G10: 219 | H10: 1 | I10: Стельная | J10: 333
A11: 104037 | B11: 218 | C11: 2 | D11: Стельная | E11: 381 | F11: 108824 | G11: 225 | H11: 1 | I11: Стельная | J11: 332
A12: 104044 | B12: 225 | C12: 2 | D12: Стельная | E12: 374 | F12: 108986 | G12: 225 | H12: 1 | I12: Стельная | J12: 332
A13: 104093 | B13: 225 | C13: 2 | D13: Стельная | E13: 381 | F13: 109008 | G13: 218 | H13: 1 | I13: Стельная | J13: 332
A14: 104909 | B14: 219 | C14: 1 | D14: Стельная | E14: 343 | F14: 109016 | G14: 218 | H14: 1 | I14: Стельная | J14: 331
A15: 105590 | B15: 218 | C15: 1 | D15: Стельная | E15: 331 | F15: 190059 | G15: 219 | H15: 4 | I15: Стельная | J15: 381
A16: 105848 | B16: 225 | C16: 1 | D16: Стельная | E16: 334 | F16: 204385 | G16: 219 | H16: 2 | I16: Стельная | J16: 381
... A32: 108237 | B32: 225 | C32: 1 | D32: Стельная | E32: 332 | F32: 967176 | G32: 226 | H32: 3 | I32: Стельная | J32: 374
F34: Итого: 102

Sheet не трогать
A1: название хоз-ва | B1: СП Калужское | C1: с 31/1/22 | D1: по 7/2/22
A2: дата
A3: Отел
A4: План | B4: 15 | C4: 44484 | D4: 44490 | E4: LIST ID %50.pcdat.276.pdue DUE RPRO LACT DCC PDCC FDAT FOR rc<>1 (DUE=15/10/21-21/10/21)(PDUE=15/10/21-21/10/21 PDUE>DUE)
A5: Коров | B5: 11 | E5: SUM BY LGRP FOR RC<>1 (DUE=15/10/21-21/10/21)(%50.pcdat.276.pdue=15/10/21-21/10/21 PDUE>DUE)
A6: Нетелей | B6: 4
A7: Факт отел | B7: 16 | E7: LIST ID PDUE DUE RPRO LACT DCC PDCC FDAT FOR RC<>1 FDAT=15/10/21-21/10/21
A8: коров | B8: 11 | E8: LIST ID PDUE DUE RPRO LACT DCC PDCC FDAT FOR RC<>1 FDAT=15/10/21-21/10/21 lact>1
A9: Нетелей | B9: 5 | E9: LIST ID PDUE DUE RPRO LACT DCC PDCC FDAT FOR RC<>1 FDAT=15/10/21-21/10/21 lact=1
A10: Отел раньше 265 дней | B10: 3 | E10: SUM FOR PDCC<265 FDAT=15/10/21-21/10/21
A11: Отел позже 295 | B11: 0 | E11: SUM FOR PDCC>295 FDAT=15/10/21-21/10/21
A12: Еще не отелилось а должно | B12: 0 | E12: LIST ID PDUE DUE RPRO LACT DCC PDCC FDAT FOR RC<>1 FDAT<DUE (DUE=15/10/21-21/10/21)(PDUE=15/10/21-21/10/21 PDUE>DUE)
A13: Средние дни стельности при отеле | B13: 264 | E13: SUM PDCC FOR FDAT=15/10/21-21/10/21\B
A15: Всего телят | B15: 12
A16: Быков | B16: 6
A17: Телок | B17: 6 | C17: 0.45
A18: Мертвых | B18: 2 | C18: 0.09
A19: % Мертвых Быков | B19: 0.17 | C19: 0.16
A20: % Мертвых Телок | B20: 0 | C20: 0
A21: %Телок | B21: 0.5
A22: Выбытие новотельных до 60 дней за последние 90 дней | F22: МЕСЯЦ ОТЕЛА | G22: ОТЕЛ | H22: ПРОДАЖА | I22: % ВЫБЫТИЯ | J22: %Сохранности | K22: Месяц рождения | L22: Рождено | M22: Живых | N22: %Сохранности | O22: SUM BY BIMON BY ARMON FOR LACT=0 GNDR=F BDAT>-180\B
A23: Отелилось | B23: 191 | E23: GRAPH SOLD DIED FRESH FOR DIM<61\FD90 | F23: ноя21 | G23: 45 | H23: 7 | I23: 0.16 | J23: =(G23-H23)/G23 -> 0.84444444 | K23: янв | L23: 34 | M23: 33 | N23: 0.97
A24: Выбыло до 61 дня | B24: 25 | F24: 44916 | G24: 59 | H24: 8 | I24: 0.14 | J24: =(G24-H24)/G24 -> 0.86440678 | K24: фев | L24: 6 | M24: 6 | N24: 1
A25: % выбытия | B25: 0.13 | F25: 44583 | G25: 66 | H25: 5 | I25: 0.08 | J25: =(G25-H25)/G25 -> 0.92424242 | K25: авг | L25: 33 | M25: 13 | N25: 0.39
F26: фев22 | G26: 12 | H26: 0 | I26: 0 | J26: =(G26-H26)/G26 -> 1 | K26: сен | L26: 13 | M26: 9 | N26: 0.69
A27: Сохранность телок до 6 месяцев | F27: Всего | G27: 182 | H27: 20 | I27: 0.11 | J27: =(G27-H27)/G27 -> 0.89010989 | K27: окт | L27: 26 | M27: 24 | N27: 0.92
A28: Родилось | B28: 264 | E28: SUM BY BIMON BY ARMON FOR BDAT>-180 GNDR=F\B | K28: ноя | L28: 20 | M28: 19 | N28: 0.95
A29: Живет | B29: 133 | K29: дек | L29: 30 | M29: 29 | N29: 0.97
A30: % сохранности | B30: =B29/B28*100 -> 50.378788 | K30: Всего | L30: 162 | M30: 133 | N30: 0.82
A32: Воспроизводство
A33: Дни в доении при первом осеменении | B33: 69 | E33: SUM DIMFB FOR FBDAT=15/10/21-21/10/21 TBRD=1 LACT>0
A34: Осеменились раньше ПДО 72 дня | B34: 0 | E34: SUM DIMFB FOR FBDAT=15/10/21-21/10/21 TBRD=1 LACT>0 DIMFB<72
A35: Осеменились позже | B35: 0 | E35: SUM DIMFB FOR FBDAT=15/10/21-21/10/21 TBRD=1 LACT>0 DIMFB>78
A36: Осеменения отсутствуют дни в доении >96 | B36: 19 | E36: SUM DIMFB FOR DIM>96 LACT>0 TBRD=0 BY RPRO
A37: %до 72 дней в доении | B37: 0.01 | E37: SUM DIMFB=72 DIMFB=79 FOR LACT>0 DIMFB>0\b
A38: % 72-78 | B38: 0.8
A39: %>78 | B39: 0.2
A40: Средний интервал между ИО | B40: 54 | E40: SUM HINT FOR TBRD>1 LACT>0\B
A41: Должны проверить на УЗИ1 | B41: 10 | E41: SUM FOR DSLH=39-45 LACT>0 BY RPRO
A42: По факту проверено | B42: 9
A43: из них Стельных | B43: 8 | C43: 0.9
A44: Холостых | B44: 5
A45: Поставлено на БРАК | B45: 0
A46: Потеря стельности на УЗИ2 и более+открытие лактации | B46: 0 | E46: SUM BY ABDAT FOR ABDAT=15/10/21-21/10/21 LACT>0 | M46: Дата | N46: Ох Приг | O46: Охот | P46: HDR | Q46: Ст Приг | R46: Стел | S46: PregRate | T46: Аборты
A47: Не стоит на схеме, а должны | M47: 44217 | N47: 290 | O47: 123 | P47: 42 | Q47: 287 | R47: 41 | S47: 14 | T47: 6
A48: PR&HDR | M48: 44238 | N48: 282 | O48: 110 | P48: 39 | Q48: 282 | R48: 31 | S48: 11 | T48: 5
A49: Сухостой | M49: 44259 | N49: 295 | O49: 121 | P49: 41 | Q49: 293 | R49: 39 | S49: 13 | T49: 3
C50: дата с | D50: дата по | M50: 44280 | N50: 304 | O50: 122 | P50: 40 | Q50: 303 | R50: 43 | S50: 14 | T50: 5
A51: Должно быть запущено | B51: 8 | C51: 44484 | D51: 44490 | E51: LIST ID DUDRY DDAT RPRO %49.DUDRY.DDAT %49.ddat.cdat dcc FOR DUDRY=15/10/21-21/10/21 LACT>0\a | F51: DUDRY - должен быть настроен по нижнему значению | M51: 44301 | N51: 298 | O51: 135 | P51: 45 | Q51: 296 | R51: 54 | S51: 18 | T51: 5
A52: запущено по факту | B52: 28 | E52: GRAPH %49.ddat.cdat FOR DDAT>0 LACT>0\D7 | M52: 44322 | N52: 278 | O52: 110 | P52: 40 | Q52: 276 | R52: 40 | S52: 14 | T52: 3
A53: средние дни стельности при запуске | B53: 217 | C53: 44484 | D53: 44490 | E53: LIST ID DUDRY DDAT RPRO %49.DUDRY.DDAT %49.ddat.cdat dcc FOR DDAT=15/10/21-21/10/21 LACT>0\a | M53: 44343 | N53: 274 | O53: 106 | P53: 39 | Q53: 269 | R53: 41 | S53: 15 | T53: 2
A54: кол-во пропущенных | B54: 0 | M54: 44364 | N54: 235 | O54: 113 | P54: 48 | Q54: 230 | R54: 24 | S54: 10 | T54: 3
A55: Из них запущено ранее | B55: 0 | M55: 44385 | N55: 255 | O55: 70 | P55: 27 | Q55: 251 | R55: 17 | S55: 7 | T55: 0
A56: Самозапуск | B56: 0 | M56: 44406 | N56: 264 | O56: 125 | P56: 47 | Q56: 257 | R56: 24 | S56: 9 | T56: 2
A57: Поздний запуск | B57: 0 | M57: 44427 | N57: 268 | O57: 0 | P57: 0 | Q57: 268 | R57: 0 | S57: 0 | T57: 0
A58: Анализ Сухостойных коров | B58: 4 | C58: 0 | D58: 57 | E58: SUM %49.ddat.cdat=217 %49.ddat.cdat=224 FOR RC=6 | M58: 44448 | N58: 309 | O58: 95 | P58: 31 | Q58: 304 | R58: 34 | S58: 11 | T58: 7
B59: 0.07 | C59: 0 | D59: 0.93 | M59: 44469 | N59: 292 | O59: 86 | P59: 29 | Q59: 289 | R59: 36 | S59: 12 | T59: 4
B60: DCC<217 | C60: DCC=217-223 | D60: DCC>223 | M60: 44490 | N60: 245 | O60: 96 | P60: 39 | Q60: 244 | R60: 34 | S60: 14 | T60: 1
A61: Запуск в поздний сухостой | E61: GRAPH %49.cudat.cdat for cudat>-7 | M61: 44511 | N61: 179 | O61: 80 | P61: 45 | Q61: 178 | R61: 41 | S61: 23 | T61: 3
A62: Должно | B62: 11 | E62: LIST ID cudat RPRO %50.cdat.247 dcc FOR %50.cdat.247=1/11/21-7/11/21 LACT>0\a | M62: 44532 | N62: 152 | O62: 83 | P62: 55 | Q62: 146 | R62: 39 | S62: 27 | T62: 1
A63: Перевели раньше | B63: 3 | M63: 44553 | N63: 127 | O63: 73 | P63: 57 | Q63: 0 | R63: 0 | S63: 0 | T63: 0
A64: Перевели позже | M64: 44574 | N64: 83 | O64: 58 | P64: 70 | Q64: 0 | R64: 0 | S64: 0 | T64: 0
A65: Дни стельности при переводе | M65: Всего | N65: 4220 | O65: 1575 | P65: 37 | Q65: 4173 | R65: 538 | S65: 13 | T65: 50
A67: переведено по факту | B67: 23
A69: Показатели фермы
A70: Стельных коров | B70: 16 - Отёлов | C70: PCT DCC>0 FOR LACT>0
A71: Средние дни в доении | B71: 12 - живых телят получено | C71: SUM DIM FOR LACT>0
A72: Сервис период | B72: 176 - средние дни сервис периода | C72: SUM DOPN FOR LACT>0
A73: Средний надой | B73: 27- средний надой за неделю | C73: SUM WMLK1 FOR LACT>0 DDAT=0
A74: % Плодотворного | B74: 13 827 - Средний валовый надой в сутки | C74: BREDSUM\Cd180
B75: 21 - Коров осеменено | C75: BREDSUM\ED180
B76: 14 - Коров проверено на стельность | C76: SUM FOR DIM>83 tbrd=0
B77: 8 - Стельных | C77: SUM DCC=1 FOR DIM>150
B78: 20 - Голов взвешено | C78: EVENTS\3s7
B79: 3 - Телок выбыло | C79: BREDSUM\Cyd180
B80: 14 - Коров выбыло | C80: BREDSUM\EYD180
B81: 14% - Холостых >17 месяцев | C81: SUM DCC=1 FOR AGE>17 LACT=0
A94: KPI
A95: Показатель | B95: Прошлый результат | C95: Текущий результат | D95: Средний
A96: % Плодотворного, коровы | B96: 0.5 | C96: 0.49 | D96: 0.35
A97: Индекс стельности (PregRate) коров | B97: 0.28 | C97: 0.24 | D97: 0.13
A98: Индекс осеменения (HeatDetectionRate) коров | B98: 0.55 | C98: 0.48 | D98: 0.37
A99: % Нестельных коров >150 дней лактации | B99: 0.29 | C99: 0.34 | D99: 0.31
A100: % Стельных коров в стаде | B100: 0.47 | C100: 0.5 | D100: 0.49
A101: Средний день лактации | B101: 260 | C101: 240 | D101: 250
A102: Среднесуточное кол-во молока | B102: 27,2 кг | C102: 27.7 кг | D102: 26,5 кг
A103: Сервис период, дней | B103: 165 | C103: 176 | D103: 170
A104: Средних дней в Сухостое | B104: 59
A105: Дней сухостоя <45 | B105: 1 | C105: 0 | D105: 1
A106: Дней сухостоя >70 | B106: 6 | C106: 0 | D106: 3
A107: % выбывших коров Дней=0-60 | B107: 0.07 | C107: 0 | D107: 0.11
A108: % Мертворожденных | B108: 0.06 | C108: 0.17 | D108: 0.09
A111: Сравнение с клиентами
A113: Показатель | B113: Ср. HM | C113: Ваш | D113: Лучший
A114: % Плодотворного, коровы | B114: 0.4 | C114: 0.42 | D114: 0.67
A115: Индекс стельности (PregRate) коров | B115: 0.2 | C115: 0.24 | D115: 0.37
A116: Индекс осеменения (HeatDetectionRate) коров | B116: 0.53 | C116: 0.56 | D116: 0.82
A117: Среднесуточное кол-во молока | B117: >=27 кг | C117: 34,7 кг | D117: 40 кг
A118: % выбывших коров Дней=0-60 | B118: 0.1 | C118: 0.05 | D118: 0.03
A121: Молочная продуктивность
...

Sheet не трогать2
A1: 1-й день | B1: 2-й день | C1: 3-й день
A2: 9:00 Интерфейс программы | B2: 9:00 Создание пунктов коровы | C2: 9:00 Анализ отела и событий команда EVENTS;
A3: 10:45 Общая структура команд программы | B3: 10:45 Настройка меню | C3: 10:45 График событий команда EGRAPH;
A4: 12:00 Обед | B4: 12:00 Обед | C4: 12:00 Обед;
A5: 13:00 Обзор ТМР-трекер - Стюфляев | B5: 13:00 Обзор Идентификации - Макаров | C5: 13:00 Обзор HeaTime - Герасимов
A6: 13:30 Команды LIST/SHOW списки | B6: 13:30 Свободные отчеты команды SUM | C6: 13:30 Графики надоев и контрольные дойки PLOT;
A7: 14:45 Ввод информации, события, списки, контрольные дойки | B7: 14:30 Анализ воспроизводства команда Bredsum | C7: 14:10 Прогноз поголовья, мониторинг стада, выбытие ECON;
A8: 16:30 Меню ALTER настройка групп, техников, таблица отела, событий, вет. протоколов | B8: 16:30 Отчет доильного зала Parlor | C8: 15:10 Загрузка информации и добавление животных GRAPH.
B9: 17:00 CowValue | C9: 16:10 Генетическое планирование
C10: 16:30 Vas Platform HerdMonitor

Sheet не трогать3
A1: Отсутствует информация по предкам
A2: по отцу | B2: 74 | C2: SUM BY SID
A3: по матери | B3: 1416 | C3: SUM BY DID
A4: Отец матери | B4: 5542 | C4: SUM BY MGSID
A6: Взвешивание
A7: Вес при рождении отсутствует | B7: 1360 | C7: SUM BY BWT FOR LACT=0
A8: Отсутствует событие вес | B8: 4 | C8: SUM FOR %70.41=0 lact=0
A9: Таблица привесов | C9: SUM ADG ADGI BY AGE FOR LACT=0 AGE<12
A11: По ВОЗРМ | B11: Прц | C11: Кол-в | D11: Привес | E11: Ср ADGI
A12: 0-0 | B12: 13 | C12: 747 | D12: 0 | E12: 0
A13: 0-1 | B13: 12 | C13: 692 | D13: 0 | E13: 0
A14: 0-2 | B14: 11 | C14: 601 | D14: 0.76 | E14: 0.74
A15: 0-3 | B15: 9 | C15: 497 | D15: 0.87 | E15: 1.17
A16: 0-4 | B16: 11 | C16: 592 | D16: 0.82 | E16: 0.8
A17: 0-5 | B17: 7 | C17: 414 | D17: 0.83 | E17: 1.01
A18: 0-6 | B18: 5 | C18: 296 | D18: 0.81 | E18: 1.04
A19: 0-7 | B19: 6 | C19: 314 | D19: 0.83 | E19: 0.89
A20: 0-8 | B20: 6 | C20: 320 | D20: 0.75 | E20: 0.75
A21: 0-9 | B21: 5 | C21: 261 | D21: 0.76 | E21: 1.46
A22: 0-10 | B22: 6 | C22: 323 | D22: 0.75 | E22: 0.74
A23: 0-11 | B23: 10 | C23: 537 | D23: 0.76 | E23: 0.61
A24: Всего | B24: 100 | C24: 5594 | D24: 0.81 | E24: 0.91
A26: Вакцинация
A27: Контроль вакцинации в первые 100 дней жизни | C27: GRAPH VACC \T100AYP
A28: Зафиксированы случаи диареи | B28: 84 | C28: GRAPH DIARHEA FOR LACT=0\YD7
A29: Из них первичных | B29: 21
A30: Зафиксированы случаи пневмонии | B30: 19 | C30: GRAPH PNEU FOR LACT=0\YD7
A31: из них первичных | B31: 9
A33: Сохранность за 180 дней | C33: SUM BY BIMON BY ARMON FOR BDAT>-180 GNDR=F\B
A35: По МРОЖ | B35: Прц | C35: Кол-в | D35: Живых | E35: август | F35: сентябрь | G35: октябрь | H35: ноябрь | I35: декабрь | J35: Сохранность
A36: июн | B36: 7 | C36: 17 | D36: 16 | E36: 0 | F36: 0 | G36: 0 | H36: 1 | I36: 0 | J36: 0.94
A37: июл | B37: 12 | C37: 31 | D37: 29 | E37: 0 | F37: 1 | G37: 1 | H37: 0 | I37: 0 | J37: 0.94
A38: авг | B38: 15 | C38: 38 | D38: 36 | E38: 1 | F38: 0 | G38: 0 | H38: 0 | I38: 1 | J38: 0.95
A39: сен | B39: 7 | C39: 17 | D39: 16 | E39: 0 | F39: 0 | G39: 1 | H39: 0 | I39: 0 | J39: 0.94
A40: окт | B40: 24 | C40: 61 | D40: 60 | E40: 0 | F40: 0 | G40: 0 | H40: 1 | I40: 0 | J40: 0.98
A41: ноя | B41: 28 | C41: 69 | D41: 68 | E41: 0 | F41: 0 | G41: 0 | H41: 0 | I41: 1 | J41: 0.99
A42: дек | B42: 6 | C42: 16 | D42: 16 | E42: 0 | F42: 0 | G42: 0 | H42: 0 | I42: 0 | J42: 1
A43: Всего | B43: 100 | C43: 249 | D43: 241 | E43: 1 | F43: 1 | G43: 2 | H43: 2 | I43: 2 | J43: 0.97
A47: Причины выбытия молодняка | C47: ECON\E FOR LACT=0 GNDR=F
A48: УВЗ | B48: январь | C48: февраль | D48: март | E48: апрель | F48: май | G48: июнь | H48: июль | I48: август | J48: сентябрь | K48: октябрь | L48: ноябрь | M48: декабрь | N48: Общ
A49: Болезни органов дыха | B49: 0 | C49: 0 | D49: 0 | E49: 3 | F49: 1 | G49: 0 | H49: 0 | I49: 2 | J49: 1 | K49: 0 | L49: 0 | M49: 0 | N49: 7
A50: Мясокомбинат | B50: 1 | C50: 0 | D50: 0 | E50: 1 | F50: 0 | G50: 4 | H50: 0 | I50: 0 | J50: 0 | K50: 0 | L50: 0 | M50: 0 | N50: 6
A51: Гинеколоргия | B51: 0 | C51: 0 | D51: 0 | E51: 1 | F51: 0 | G51: 0 | H51: 0 | I51: 0 | J51: 0 | K51: 0 | L51: 0 | M51: 0 | N51: 1
A52: Болезнь внутр.Органо | B52: 1 | C52: 1 | D52: 2 | E52: 0 | F52: 3 | G52: 0 | H52: 1 | I52: 0 | J52: 0 | K52: 0 | L52: 0 | M52: 3 | N52: 11
A53: Болезни и травмы вым | B53: 3 | C53: 5 | D53: 0 | E53: 1 | F53: 2 | G53: 1 | H53: 2 | I53: 1 | J53: 2 | K53: 0 | L53: 0 | M53: 0 | N53: 17
A54: Кетоз/наруш.обмена в | B54: 0 | C54: 0 | D54: 1 | E54: 1 | F54: 1 | G54: 0 | H54: 0 | I54: 3 | J54: 2 | K54: 0 | L54: 0 | M54: 0 | N54: 8
A55: Болезни ЖКТ | B55: 2 | C55: 6 | D55: 2 | E55: 1 | F55: 0 | G55: 0 | H55: 0 | I55: 2 | J55: 0 | K55: 0 | L55: 0 | M55: 0 | N55: 13
A56: Травмы/ТБС | B56: 0 | C56: 0 | D56: 0 | E56: 0 | F56: 0 | G56: 0 | H56: 1 | I56: 0 | J56: 0 | K56: 0 | L56: 0 | M56: 1 | N56: 2
A57: Зообрак | B57: 0 | C57: 0 | D57: 0 | E57: 0 | F57: 1 | G57: 0 | H57: 0 | I57: 0 | J57: 0 | K57: 0 | L57: 0 | M57: 0 | N57: 1
A58: Бычки | B58: 0 | C58: 0 | D58: 0 | E58: 0 | F58: 0 | G58: 0 | H58: 1 | I58: 0 | J58: 0 | K58: 0 | L58: 0 | M58: 0 | N58: 1
A59: Воспроизводство | B59: 0 | C59: 0 | D59: 0 | E59: 0 | F59: 0 | G59: 0 | H59: 0 | I59: 0 | J59: 1 | K59: 0 | L59: 0 | M59: 0 | N59: 1
A61: Воспроизводство
A62: Возраст при первом осеменении | B62: 14 | C62: SUM AGEFB FOR TBRD>0 LACT=0
A63: 0 Осеменений >14 месяцев | B63: 4 | C63: SUM FOR TBRD=0 LACT=0 AGE>14
A64: Не стельных >17 месяцев | B64: 42 | C64: SUM FOR LACT=0 AGE>17 DCC=0
A65: Не проверены на стельность >60 дней | B65: 6 | C65: SUM FOR LACT=0 DSLH>60 RC=4
A66: Не отелились а должны | B66: 0 | C66: SUM FOR DCC>290 LACT=0
A67: Потеря стельности | B67: 4 | C67: GRAPH ABORT FOR LACT=0\YD7
A69: Прогноз отелов по семени | C69: SUM BY %130.due by %190.sirc.7 for lact=0 dcc>0
A71: По МПОТ | B71: Прц | C71: Количество | D71: Традицонное | E71: Сексированое
A72: 44551 | B72: 9 | C72: 28 | D72: 27 | E72: 1
A73: 44218 | B73: 10 | C73: 32 | D73: 24 | E73: 8
A74: фев22 | B74: 11 | C74: 37 | D74: 34 | E74: 3
A75: 44277 | B75: 11 | C75: 35 | D75: 30 | E75: 5
A76: 44308 | B76: 13 | C76: 41 | D76: 29 | E76: 12
A77: май22 | B77: 9 | C77: 30 | D77: 30 | E77: 0
A78: 44369 | B78: 17 | C78: 55 | D78: 54 | E78: 1
A79: 44399 | B79: 16 | C79: 53 | D79: 50 | E79: 3
A80: 44430 | B80: 4 | C80: 13 | D80: 12 | E80: 1
A81: Всего | B81: 100 | C81: 324 | D81: 290 | E81: 34
A84: События внесенные за неделю
A86: Событие | B86: Всего | C86: Понедельник | D86: Вторник | E86: Среда | F86: Четверг | G86: Пятница | H86: Суббота | I86: Воскресенье
A87: ПЕРПРОВ | B87: 1 | C87: 0 | D87: 0 | E87: 0 | F87: 0 | G87: 0 | H87: 1 | I87: 0
A88: ОХОТА | B88: 3 | C88: 0 | D88: 0 | E88: 0 | F88: 0 | G88: 0 | H88: 0 | I88: 3
A89: ОСЕМЕН | B89: 58 | C89: 2 | D89: 8 | E89: 3 | F89: 31 | G89: 4 | H89: 8 | I89: 2
A90: СТЕЛ | B90: 30 | C90: 0 | D90: 0 | E90: 0 | F90: 0 | G90: 0 | H90: 30 | I90: 0
A91: ХОЛ | B91: 28 | C91: 0 | D91: 0 | E91: 0 | F91: 0 | G91: 0 | H91: 28 | I91: 0
A92: ПЕРЕВОД | B92: 26 | C92: 11 | D92: 0 | E92: 3 | F92: 1 | G92: 5 | H92: 0 | I92: 6
A93: АБОРТ | B93: 1 | C93: 0 | D93: 0 | E93: 0 | F93: 0 | G93: 0 | H93: 1 | I93: 0
A94: НЕОСЕМ | B94: 4 | C94: 0 | D94: 0 | E94: 0 | F94: 0 | G94: 1 | H94: 3 | I94: 0
A95: ПНЕВМО | B95: 2 | C95: 1 | D95: 0 | E95: 0 | F95: 0 | G95: 0 | H95: 1 | I95: 0
A96: ПОЗСУХ | B96: 11 | C96: 3 | D96: 4 | E96: 4 | F96: 0 | G96: 0 | H96: 0 | I96: 0
A97: ВАКЦИН | B97: 496 | C97: 0 | D97: 0 | E97: 12 | F97: 124 | G97: 360 | H97: 0 | I97: 0
A98: ДИАРЕЯ | B98: 1 | C98: 0 | D98: 0 | E98: 0 | F98: 0 | G98: 0 | H98: 1 | I98: 0
... A101: ЛЕЙКОЗ | B101: 3 | C101: 3 | D101: 0 | E101: 0 | F101: 0 | G101: 0 | H101: 0 | I101: 0
A102: ИТОГО | B102: =sum(B87:B101) -> 670 | C102: =sum(C87:C101) -> 23 | D102: =sum(D87:D101) -> 12 | E102: =sum(E87:E101) -> 22 | F102: =sum(F87:F101) -> 156 | G102: =sum(G87:G101) -> 370 | H102: =sum(H87:H101) -> 73 | I102: =sum(I87:I101) -> 14

Sheet не трогать4
A1: Отсутствует информация по предкам
A2: по отцу | B2: 74 | C2: SUM BY SID
A3: по матери | B3: 1416 | C3: SUM BY DID
A4: Отец матери | B4: 5542 | C4: SUM BY MGSID
A6: Взвешивание
A7: Вес при рождении отсутствует | B7: 1360 | C7: SUM BY BWT FOR LACT=0
A8: Отсутствует событие вес | B8: 4 | C8: SUM FOR %70.41=0 lact=0
A9: Таблица привесов | C9: SUM ADG ADGI BY AGE FOR LACT=0 AGE<12
A11: По ВОЗРМ | B11: Прц | C11: Кол-в | D11: Ср ADG | E11: Ср ADGI
A12: 0-0 | B12: 13 | C12: 747 | D12: 0 | E12: 0
A13: 0-1 | B13: 12 | C13: 692 | D13: 0 | E13: 0
A14: 0-2 | B14: 11 | C14: 601 | D14: 0.76 | E14: 0.74
A15: 0-3 | B15: 9 | C15: 497 | D15: 0.87 | E15: 1.17
A16: 0-4 | B16: 11 | C16: 592 | D16: 0.82 | E16: 0.8
A17: 0-5 | B17: 7 | C17: 414 | D17: 0.83 | E17: 1.01
A18: 0-6 | B18: 5 | C18: 296 | D18: 0.81 | E18: 1.04
A19: 0-7 | B19: 6 | C19: 314 | D19: 0.83 | E19: 0.89
A20: 0-8 | B20: 6 | C20: 320 | D20: 0.75 | E20: 0.75
A21: 0-9 | B21: 5 | C21: 261 | D21: 0.76 | E21: 1.46
A22: 0-10 | B22: 6 | C22: 323 | D22: 0.75 | E22: 0.74
A23: 0-11 | B23: 10 | C23: 537 | D23: 0.76 | E23: 0.61
A24: Всего | B24: 100 | C24: 5594 | D24: 0.81 | E24: 0.91
A26: Вакцинация
A27: Контроль вакцинации в первые 100 дней жизни | C27: GRAPH VACC \T100AYP
A28: Зафиксированы случаи диареи | B28: 84 | C28: GRAPH DIARHEA FOR LACT=0\YD7
A29: Из них первичных | B29: 21
A30: Зафиксированы случаи пневмонии | B30: 19 | C30: GRAPH PNEU FOR LACT=0\YD7
A31: из них первичных | B31: 9
A33: Сохранность за 180 дней от даты рождения | C33: SUM BY BIMON BY ARMON FOR BDAT>-180 GNDR=F\B
A35: По МРОЖ | B35: Прц | C35: Кол-в | D35: ВЫБ=--- | E35: ВЫБ=авг | F35: ВЫБ=сен | G35: ВЫБ=дек | H35: ВЫБ=ноя | I35: ВЫБ=дек | J35: Сохранность
A36: 44368 | B36: 7 | C36: 17 | D36: 16 | E36: 0 | F36: 0 | G36: 0 | H36: 1 | I36: 0 | J36: 0.94
A37: 44398 | B37: 12 | C37: 31 | D37: 29 | E37: 0 | F37: 1 | G37: 0 | H37: 0 | I37: 0 | J37: 0.94
A38: 44429 | B38: 15 | C38: 38 | D38: 36 | E38: 1 | F38: 0 | G38: 1 | H38: 0 | I38: 1 | J38: 0.95
A39: сен21 | B39: 7 | C39: 17 | D39: 16 | E39: 0 | F39: 0 | G39: 0 | H39: 0 | I39: 0 | J39: 0.94
A40: 44490 | B40: 24 | C40: 61 | D40: 60 | E40: 0 | F40: 0 | G40: 0 | H40: 1 | I40: 0 | J40: 0.98
A41: ноя21 | B41: 28 | C41: 69 | D41: 68 | E41: 0 | F41: 0 | G41: 1 | H41: 0 | I41: 1 | J41: 0.99
A42: 44551 | B42: 6 | C42: 16 | D42: 16 | E42: 0 | F42: 0 | G42: 0 | H42: 0 | I42: 0 | J42: 1
A43: Всего | B43: 100 | C43: 249 | D43: 241 | E43: 1 | F43: 1 | G43: 2 | H43: 2 | I43: 2 | J43: 0.97
A45: Сохранность с момента ввода в стадо | C45: SUM by %130.edat by armon for edat>-180\b
A47: By T1025 | B47: Прц | C47: Кол-в | D47: --- | E47: июл | F47: авг | G47: ноя | H47: окт | I47: ноя | J47: дек | K47: %Сохранности
A48: 44398 | B48: 5 | C48: 117 | D48: 93 | E48: 10 | F48: 7 | G48: 1 | H48: 1 | I48: 1 | J48: 0 | K48: 0.79
A49: 44429 | B49: 6 | C49: 132 | D49: 96 | E49: 0 | F49: 14 | G49: 3 | H49: 7 | I49: 3 | J49: 7 | K49: 0.73
A50: сен21 | B50: 12 | C50: 255 | D50: 225 | E50: 0 | F50: 0 | G50: 5 | H50: 6 | I50: 5 | J50: 13 | K50: 0.88
A51: 44490 | B51: 25 | C51: 524 | D51: 475 | E51: 0 | F51: 0 | G51: 26 | H51: 9 | I51: 26 | J51: 14 | K51: 0.91
A52: ноя21 | B52: 27 | C52: 572 | D52: 482 | E52: 0 | F52: 1 | G52: 47 | H52: 0 | I52: 47 | J52: 42 | K52: 0.84
A53: 44551 | B53: 25 | C53: 538 | D53: 484 | E53: 0 | F53: 0 | G53: 2 | H53: 0 | I53: 2 | J53: 52 | K53: 0.9
A54: Всего | B54: 100 | C54: 2138 | D54: 1855 | E54: 10 | F54: 22 | G54: 84 | H54: 23 | I54: 84 | J54: 128 | K54: 0.87
A60: Причины выбытия молодняка | C60: ECON\E FOR LACT=0
A61: Причины выбытия молодняка | B61: январь | C61: февраль | D61: март | E61: апрель | F61: май | G61: август | H61: июль | I61: август | J61: сентябрь | K61: октябрь | L61: ноябрь | M61: декабрь | N61: Общ
A62: Болезни органов дыха | B62: 0 | C62: 0 | D62: 0 | E62: 3 | F62: 1 | G62: 2 | H62: 0 | I62: 2 | J62: 1 | K62: 0 | L62: 0 | M62: 0 | N62: 7
A63: Мясокомбинат | B63: 1 | C63: 0 | D63: 0 | E63: 1 | F63: 0 | G63: 0 | H63: 0 | I63: 0 | J63: 0 | K63: 0 | L63: 0 | M63: 0 | N63: 6
A64: Гинеколоргия | B64: 0 | C64: 0 | D64: 0 | E64: 1 | F64: 0 | G64: 0 | H64: 0 | I64: 0 | J64: 0 | K64: 0 | L64: 0 | M64: 0 | N64: 1
A65: Болезнь внутр.Органо | B65: 1 | C65: 1 | D65: 2 | E65: 0 | F65: 3 | G65: 0 | H65: 1 | I65: 0 | J65: 0 | K65: 0 | L65: 0 | M65: 3 | N65: 11
A66: Болезни и травмы вым | B66: 3 | C66: 5 | D66: 0 | E66: 1 | F66: 2 | G66: 1 | H66: 2 | I66: 1 | J66: 2 | K66: 0 | L66: 0 | M66: 0 | N66: 17
A67: Кетоз/наруш.обмена в | B67: 0 | C67: 0 | D67: 1 | E67: 1 | F67: 1 | G67: 3 | H67: 0 | I67: 3 | J67: 2 | K67: 0 | L67: 0 | M67: 0 | N67: 8
A68: Болезни ЖКТ | B68: 2 | C68: 6 | D68: 2 | E68: 1 | F68: 0 | G68: 2 | H68: 0 | I68: 2 | J68: 0 | K68: 0 | L68: 0 | M68: 0 | N68: 13
A69: Травмы/ТБС | B69: 0 | C69: 0 | D69: 0 | E69: 0 | F69: 0 | G69: 0 | H69: 1 | I69: 0 | J69: 0 | K69: 0 | L69: 0 | M69: 1 | N69: 2
A70: Зообрак | B70: 0 | C70: 0 | D70: 0 | E70: 0 | F70: 1 | G70: 0 | H70: 0 | I70: 0 | J70: 0 | K70: 0 | L70: 0 | M70: 0 | N70: 1
A71: Бычки | B71: 0 | C71: 0 | D71: 0 | E71: 0 | F71: 0 | G71: 0 | H71: 1 | I71: 0 | J71: 0 | K71: 0 | L71: 0 | M71: 0 | N71: 1
A72: Воспроизводство | B72: 0 | C72: 0 | D72: 0 | E72: 0 | F72: 0 | G72: 0 | H72: 0 | I72: 0 | J72: 1 | K72: 0 | L72: 0 | M72: 0 | N72: 1
A74: Возраст при выбытии за последнюю неделю | B74: 63 дня | C74: sum %49.ardat.bdat for lact=0 ardat>-7\d
A76: События внесенные за неделю
A78: Событие | B78: Всего | C78: Пн | D78: Вт | E78: Ср | F78: Чт | G78: Вс | H78: Сб | I78: Вс
A79: ПЕРЕВОД | B79: 26 | C79: 11 | D79: 0 | E79: 3 | F79: 1 | G79: 6 | H79: 0 | I79: 6
A80: ПНЕВМО | B80: 2 | C80: 1 | D80: 0 | E80: 0 | F80: 0 | G80: 0 | H80: 1 | I80: 0
A81: ПОЗСУХ | B81: 11 | C81: 3 | D81: 4 | E81: 4 | F81: 0 | G81: 0 | H81: 0 | I81: 0
A82: ВАКЦИН | B82: 496 | C82: 0 | D82: 0 | E82: 12 | F82: 124 | G82: 0 | H82: 0 | I82: 0
A83: ДИАРЕЯ | B83: 1 | C83: 0 | D83: 0 | E83: 0 | F83: 0 | G83: 0 | H83: 1 | I83: 0
A84: ВЕС | B84: 3 | C84: 3 | D84: 0 | E84: 0 | F84: 0 | G84: 0 | H84: 0 | I84: 0
A85: ИТОГО | B85: =sum(B79:B84) -> 539 | C85: =sum(C79:C84) -> 18 | D85: =sum(D79:D84) -> 4 | E85: =sum(E79:E84) -> 19 | F85: =sum(F79:F84) -> 125 | G85: =SUM(G79:G84) -> 6 | H85: =sum(H79:H84) -> 2 | I85: =sum(I79:I84) -> 6
